{
  "12":[{"questionId":13,"question":"Year","answerType":"DATE","displayOrder":2,"hasChild":false,"multiSelect":null,"optionMasterId":0,"parentQuestionId":12,"metadata":"{\"validation\":{\"errors\":[\"maxdate\"],\"validators\":[\"2019-04-22\"],\"messages\":{\"maxdate\":\"maxdate exceeded\"}},\"boxes\":[{\"name\":\"label\",\"order\":1,\"style\":{}},{\"name\":\"input\",\"order\":2,\"style\":{},\"inputStyle\":{}},{\"name\":\"error\",\"order\":3,\"style\":{}}]}","answers":null,"row":6,"selectedOptions":null}],
  "35":[{"questionId":36,"question":"If yes, please upload the policy","answerType":"FILE","displayOrder":2,"hasChild":false,"multiSelect":null,"optionMasterId":0,"parentQuestionId":35,"metadata":"{\"colsize\":\"col-lg-12\",\"boxes\":[{\"name\":\"label\",\"order\":1,\"style\":{}},{\"name\":\"input\",\"order\":2,\"style\":{},\"inputStyle\":{}},{\"name\":\"error\",\"order\":3,\"style\":{}}]}","answers":null,"row":5,"selectedOptions":null}]
}