{
    "1": {
        "CSRHUB": [{
            "csrHubRating": null
        }]
    },
    "2": {"CSRHUB":[{"csrHubRating":null}]},
    "3": {"CSRHUB":[{"csrHubRating":{"environment":"71","averageRating":"61","community":"56","employees":"62","governance":"53"}}]},
    "4": {"CSRHUB":[{"csrHubRating":{"environment":"57","averageRating":"52","community":"47","employees":"56","governance":"47"}}]},
    "5": {"CSRHUB":[{"csrHubRating":{"environment":"40","averageRating":"59","community":"50","employees":"81","governance":"64"}}]},
    "6": {
        "CSRHUB": [{
            "csrHubRating": {
                "environment": "71",
                "averageRating": "61",
                "community": "56",
                "employees": "62",
                "governance": "53"
            }
        }]
    },
    "7": {
        "CSRHUB": [{
            "csrHubRating": {
                "environment": "64",
                "averageRating": "60",
                "community": "70",
                "employees": "59",
                "governance": "46"
            }
        }]
    },
    "8": {
        "CSRHUB": [{
            "csrHubRating": {
                "environment": "68",
                "averageRating": "51",
                "community": "31",
                "employees": "56",
                "governance": "50"
            }
        }]
    },
    "9": {
        "CSRHUB": [{
            "csrHubRating": {
                "environment": "32",
                "averageRating": "54",
                "community": "68",
                "employees": "49",
                "governance": "67"
            }
        }]
    },
    "10": {
        "CSRHUB": [{
            "csrHubRating": {
                "environment": "83",
                "averageRating": "77",
                "community": "80",
                "employees": "66",
                "governance": "79"
            }
        }]
    },
    "11": {
        "CSRHUB": [{
            "csrHubRating": {
                "environment": "34",
                "averageRating": "58",
                "community": "85",
                "employees": "82",
                "governance": "32"
            }
        }]
    },
    "12": {
        "CSRHUB": [{
            "csrHubRating": {
                "environment": "67",
                "averageRating": "50",
                "community": "40",
                "employees": "48",
                "governance": "46"
            }
        }]
    },
    "13": {
        "CSRHUB": [{
            "csrHubRating": {
                "environment": "31",
                "averageRating": "55",
                "community": "70",
                "employees": "37",
                "governance": "81"
            }
        }]
    },
    "14": {
        "CSRHUB": [{
            "csrHubRating": {
                "environment": "54",
                "averageRating": "45",
                "community": "56",
                "employees": "33",
                "governance": "35"
            }
        }]
    },
    "15":{"CSRHUB":[{"csrHubRating":{"environment":"59","averageRating":"55","community":"34","employees":"71","governance":"56"}}]},
    "16":{"CSRHUB":[{"csrHubRating":{"environment":"60","averageRating":"52","community":"38","employees":"64","governance":"45"}}]},
    "17":{"CSRHUB":[{"csrHubRating":{"environment":"62","averageRating":"61","community":"63","employees":"69","governance":"51"}}]},
    "18":{"CSRHUB":[{"csrHubRating":{"environment":"71","averageRating":"65","community":"65","employees":"63","governance":"61"}}]},
    "19":{"CSRHUB":[{"csrHubRating":{"environment":"66","averageRating":"62","community":"69","employees":"47","governance":"66"}}]},
    "20":{"CSRHUB":[{"csrHubRating":{"environment":"65","averageRating":"56","community":"45","employees":"83","governance":"30"}}]},
    "21":{"CSRHUB":[{"csrHubRating":{"environment":"51","averageRating":"62","community":"52","employees":"63","governance":"81"}}]},
    "22":{"CSRHUB":[{"csrHubRating":{"environment":"51","averageRating":"49","community":"46","employees":"58","governance":"42"}}]},
    "23":{"CSRHUB":[{"csrHubRating":{"environment":"69","averageRating":"58","community":"51","employees":"60","governance":"51"}}]},
    "24":{"CSRHUB":[{"csrHubRating":{"environment":"71","averageRating":"61","community":"56","employees":"62","governance":"53"}}]},
    "25":{"CSRHUB":[{"csrHubRating":{"environment":"67","averageRating":"60","community":"60","employees":"67","governance":"47"}}]}
  }
