{
    "1":{"DOW_JONES":[{"DOWJones":[{"issueName":"Regulatory","allegations":{"Corruption Issues":[],"Regulatory Issues":[],"Fraud Issues":[],"Sanctions":[]},"totalCount":0},{"issueName":"Environment/Production","allegations":{"Product/Service Issues":[],"Production/Supply Chain Issues":[],"Environmental Issues":[]},"totalCount":0},{"issueName":"Social/Labour","allegations":{"Workforce Disputes":[],"Discrimination/Workforce Rights Issues":[],"Workforce Health/Safety Issues":[],"Human Rights Issues":[]},"totalCount":0}]}]},
    "5":{"DOW_JONES":[{"DOWJones":[{"issueName":"Regulatory","allegations":{"Corruption Issues":[],"Regulatory Issues":[],"Fraud Issues":[],"Sanctions":[]},"totalCount":0},{"issueName":"Environment/Production","allegations":{"Product/Service Issues":[],"Production/Supply Chain Issues":[],"Environmental Issues":[]},"totalCount":0},{"issueName":"Social/Labour","allegations":{"Workforce Disputes":[],"Discrimination/Workforce Rights Issues":[],"Workforce Health/Safety Issues":[],"Human Rights Issues":[]},"totalCount":0}]}]},
    "3":{"DOW_JONES":[{"DOWJones":[{"issueName":"Regulatory","allegations":{"Corruption Issues":[],"Regulatory Issues":[],"Fraud Issues":[],"Sanctions":[]},"totalCount":0},{"issueName":"Environment/Production","allegations":{"Product/Service Issues":[],"Production/Supply Chain Issues":[],"Environmental Issues":[]},"totalCount":0},{"issueName":"Social/Labour","allegations":{"Workforce Disputes":[],"Discrimination/Workforce Rights Issues":[],"Workforce Health/Safety Issues":[],"Human Rights Issues":[]},"totalCount":0}]}]},
    "4":{"DOW_JONES":[{"DOWJones":[{"issueName":"Regulatory","allegations":{"Corruption Issues":[{"allegationDate":"23-10-2015","name":"MediaPost.com","supportingLink":"https://api.dowjones.com/api/public/2.0/Content/article/articleRef/Xml?articleRef=MPC0000020151023eban000e2&encryptedToken=S00YcVo1sV72Gbt1HmnOHmnNTUsMT6qMTIu5DByWWNW1pFpV92oRsJqMUFBQUFBQUFBQUFBQUFBQUFBQUFBQUFBQUFBQUFBQUEA"}],"Regulatory Issues":[{"allegationDate":"02-06-2016","name":"The Wall Street Journal Online","supportingLink":"https://api.dowjones.com/api/public/2.0/Content/article/articleRef/Xml?articleRef=WSJO000020160602ec620083p&encryptedToken=S00YcVo1sV72Gbt1HmnOHmnNTUsMT6qMTIu5DByWWNW1pFpV92oRsJqMUFBQUFBQUFBQUFBQUFBQUFBQUFBQUFBQUFBQUFBQUEA"},{"allegationDate":"16-12-2016","name":"Dow Jones Institutional News","supportingLink":"https://api.dowjones.com/api/public/2.0/Content/article/articleRef/Xml?articleRef=DJDN000020161216eccg001gf&encryptedToken=S00YcVo1sV72Gbt1HmnOHmnNTUsMT6qMTIu5DByWWNW1pFpV92oRsJqMUFBQUFBQUFBQUFBQUFBQUFBQUFBQUFBQUFBQUFBQUEA"}],"Fraud Issues":[{"allegationDate":"11-12-2014","name":"Tageblatt","supportingLink":"https://api.dowjones.com/api/public/2.0/Content/article/articleRef/Xml?articleRef=TAGBLA0020141210eacb0004r&encryptedToken=S00YcVo1sV72Gbt1HmnOHmnNTUsMT6qMTIu5DByWWNW1pFpV92oRsJqMUFBQUFBQUFBQUFBQUFBQUFBQUFBQUFBQUFBQUFBQUEA"}],"Sanctions":[]},"totalCount":4},{"issueName":"Environment/Production","allegations":{"Product/Service Issues":[{"allegationDate":"18-05-2015","name":"Dow Jones Top News & Commentary","supportingLink":"https://api.dowjones.com/api/public/2.0/Content/article/articleRef/Xml?articleRef=DJCOMM1120150518eb5i00bzk&encryptedToken=S00YcVo1sV72Gbt1HmnOHmnNTUsMT6qMTIu5DByWWNW1pFpV92oRsJqMUFBQUFBQUFBQUFBQUFBQUFBQUFBQUFBQUFBQUFBQUEA"}],"Production/Supply Chain Issues":[],"Environmental Issues":[]},"totalCount":1},{"issueName":"Social/Labour","allegations":{"Workforce Disputes":[],"Discrimination/Workforce Rights Issues":[{"allegationDate":"14-02-2013","name":"MediaPost.com","supportingLink":"https://api.dowjones.com/api/public/2.0/Content/article/articleRef/Xml?articleRef=MPC0000020130215e92e00007&encryptedToken=S00YcVo1sV72Gbt1HmnOHmnNTUsMT6qMTIu5DByWWNW1pFpV92oRsJqMUFBQUFBQUFBQUFBQUFBQUFBQUFBQUFBQUFBQUFBQUEA"},{"allegationDate":"20-11-2018","name":"MediaPost.com","supportingLink":"https://api.dowjones.com/api/public/2.0/Content/article/articleRef/Xml?articleRef=MPC0000020181120eebk000e3&encryptedToken=S00YcVo1sV72Gbt1HmnOHmnNTUsMT6qMTIu5DByWWNW1pFpV92oRsJqMUFBQUFBQUFBQUFBQUFBQUFBQUFBQUFBQUFBQUFBQUEA"}],"Workforce Health/Safety Issues":[],"Human Rights Issues":[]},"totalCount":2}]}]},
    "2":{"DOW_JONES":[{"DOWJones":[{"issueName":"Regulatory","allegations":{"Corruption Issues":[],"Regulatory Issues":[{"allegationDate":"12-08-2014","name":"Associated Press Newswires","supportingLink":"https://api.dowjones.com/api/public/2.0/Content/article/articleRef/Xml?articleRef=APRS000020140811ea8b0030e&encryptedToken=S00YcVo1sV72Gbt1HmnOHmnNTUuOTUoODar5DByWWNW1pFpV92oRsJqMUFBQUFBQUFBQUFBQUFBQUFBQUFBQUFBQUFBQUFBQUEA"},{"allegationDate":"25-02-2015","name":"Milwaukee Business Journal Online","supportingLink":"https://api.dowjones.com/api/public/2.0/Content/article/articleRef/Xml?articleRef=MILBJO0020150225eb2p0008d&encryptedToken=S00YcVo1sV72Gbt1HmnOHmnNTUuOTUoODar5DByWWNW1pFpV92oRsJqMUFBQUFBQUFBQUFBQUFBQUFBQUFBQUFBQUFBQUFBQUEA"},{"allegationDate":"09-09-2015","name":"Associated Press Newswires","supportingLink":"https://api.dowjones.com/api/public/2.0/Content/article/articleRef/Xml?articleRef=APRS000020150909eb9900bt8&encryptedToken=S00YcVo1sV72Gbt1HmnOHmnNTUuOTUoODar5DByWWNW1pFpV92oRsJqMUFBQUFBQUFBQUFBQUFBQUFBQUFBQUFBQUFBQUFBQUEA"},{"allegationDate":"07-11-2017","name":"Star-Tribune","supportingLink":"https://api.dowjones.com/api/public/2.0/Content/article/articleRef/Xml?articleRef=MSP0000020171108edb70001u&encryptedToken=S00YcVo1sV72Gbt1HmnOHmnNTUuOTUoODar5DByWWNW1pFpV92oRsJqMUFBQUFBQUFBQUFBQUFBQUFBQUFBQUFBQUFBQUFBQUEA"},{"allegationDate":"24-10-2018","name":"The Times","supportingLink":"https://api.dowjones.com/api/public/2.0/Content/article/articleRef/Xml?articleRef=T000000020181024eeao0003k&encryptedToken=S00YcVo1sV72Gbt1HmnOHmnNTUuOTUoODar5DByWWNW1pFpV92oRsJqMUFBQUFBQUFBQUFBQUFBQUFBQUFBQUFBQUFBQUFBQUEA"}],"Fraud Issues":[{"allegationDate":"06-11-2014","name":"Ritzau General News Service","supportingLink":"https://api.dowjones.com/api/public/2.0/Content/article/articleRef/Xml?articleRef=RITZG00020141106eab60043a&encryptedToken=S00YcVo1sV72Gbt1HmnOHmnNTUuOTUoODar5DByWWNW1pFpV92oRsJqMUFBQUFBQUFBQUFBQUFBQUFBQUFBQUFBQUFBQUFBQUEA"},{"allegationDate":"07-11-2017","name":"Star-Tribune","supportingLink":"https://api.dowjones.com/api/public/2.0/Content/article/articleRef/Xml?articleRef=MSP0000020171108edb70001u&encryptedToken=S00YcVo1sV72Gbt1HmnOHmnNTUuOTUoODar5DByWWNW1pFpV92oRsJqMUFBQUFBQUFBQUFBQUFBQUFBQUFBQUFBQUFBQUFBQUEA"},{"allegationDate":"24-10-2018","name":"The Times","supportingLink":"https://api.dowjones.com/api/public/2.0/Content/article/articleRef/Xml?articleRef=T000000020181024eeao0003k&encryptedToken=S00YcVo1sV72Gbt1HmnOHmnNTUuOTUoODar5DByWWNW1pFpV92oRsJqMUFBQUFBQUFBQUFBQUFBQUFBQUFBQUFBQUFBQUFBQUEA"}],"Sanctions":[]},"totalCount":8},{"issueName":"Environment/Production","allegations":{"Product/Service Issues":[{"allegationDate":"10-04-2013","name":"Company Reports","supportingLink":"https://api.dowjones.com/api/public/2.0/Content/article/articleRef/Xml?articleRef=CHPR000020130417e94a0000f&encryptedToken=S00YcVo1sV72Gbt1HmnOHmnNTUuOTUoODar5DByWWNW1pFpV92oRsJqMUFBQUFBQUFBQUFBQUFBQUFBQUFBQUFBQUFBQUFBQUEA"},{"allegationDate":"23-09-2014","name":"Roll Call","supportingLink":"https://api.dowjones.com/api/public/2.0/Content/article/articleRef/Xml?articleRef=RLCL000020140925ea9n0000d&encryptedToken=S00YcVo1sV72Gbt1HmnOHmnNTUuOTUoODar5DByWWNW1pFpV92oRsJqMUFBQUFBQUFBQUFBQUFBQUFBQUFBQUFBQUFBQUFBQUEA"},{"allegationDate":"29-11-2014","name":"Emerging Markets Business Information News","supportingLink":"https://api.dowjones.com/api/public/2.0/Content/article/articleRef/Xml?articleRef=EMBIN00020141129eabt0006n&encryptedToken=S00YcVo1sV72Gbt1HmnOHmnNTUuOTUoODar5DByWWNW1pFpV92oRsJqMUFBQUFBQUFBQUFBQUFBQUFBQUFBQUFBQUFBQUFBQUEA"},{"allegationDate":"01-05-2012","name":"DVM Newsmagazine","supportingLink":"https://api.dowjones.com/api/public/2.0/Content/article/articleRef/Xml?articleRef=DVMM000020120521e85100006&encryptedToken=S00YcVo1sV72Gbt1HmnOHmnNTUuOTUoODar5DByWWNW1pFpV92oRsJqMUFBQUFBQUFBQUFBQUFBQUFBQUFBQUFBQUFBQUFBQUEA"},{"allegationDate":"22-09-2016","name":"PR Newswire","supportingLink":"https://api.dowjones.com/api/public/2.0/Content/article/articleRef/Xml?articleRef=PRN0000020160922ec9m000nz&encryptedToken=S00YcVo1sV72Gbt1HmnOHmnNTUuOTUoODar5DByWWNW1pFpV92oRsJqMUFBQUFBQUFBQUFBQUFBQUFBQUFBQUFBQUFBQUFBQUEA"},{"allegationDate":"28-11-2016","name":"US Fed News","supportingLink":"https://api.dowjones.com/api/public/2.0/Content/article/articleRef/Xml?articleRef=INDFED0020161201ecbs001bh&encryptedToken=S00YcVo1sV72Gbt1HmnOHmnNTUuOTUoODar5DByWWNW1pFpV92oRsJqMUFBQUFBQUFBQUFBQUFBQUFBQUFBQUFBQUFBQUFBQUEA"}],"Production/Supply Chain Issues":[{"allegationDate":"30-01-2013","name":"Metal Bulletin News Alert Service","supportingLink":"https://api.dowjones.com/api/public/2.0/Content/article/articleRef/Xml?articleRef=METBNA0020130205e91t001uq&encryptedToken=S00YcVo1sV72Gbt1HmnOHmnNTUuOTUoODar5DByWWNW1pFpV92oRsJqMUFBQUFBQUFBQUFBQUFBQUFBQUFBQUFBQUFBQUFBQUEA"},{"allegationDate":"10-07-2014","name":"Prime News","supportingLink":"https://api.dowjones.com/api/public/2.0/Content/article/articleRef/Xml?articleRef=PRITAS0020140710ea7a007sl&encryptedToken=S00YcVo1sV72Gbt1HmnOHmnNTUuOTUoODar5DByWWNW1pFpV92oRsJqMUFBQUFBQUFBQUFBQUFBQUFBQUFBQUFBQUFBQUFBQUEA"},{"allegationDate":"25-12-2013","name":"Associated Press Newswires","supportingLink":"https://api.dowjones.com/api/public/2.0/Content/article/articleRef/Xml?articleRef=APRS000020131225e9cp00038&encryptedToken=S00YcVo1sV72Gbt1HmnOHmnNTUuOTUoODar5DByWWNW1pFpV92oRsJqMUFBQUFBQUFBQUFBQUFBQUFBQUFBQUFBQUFBQUFBQUEA"}],"Environmental Issues":[{"allegationDate":"30-11-2014","name":"The Arkansas Democrat Gazette","supportingLink":"https://api.dowjones.com/api/public/2.0/Content/article/articleRef/Xml?articleRef=AKDG000020141201eabu0003k&encryptedToken=S00YcVo1sV72Gbt1HmnOHmnNTUuOTUoODar5DByWWNW1pFpV92oRsJqMUFBQUFBQUFBQUFBQUFBQUFBQUFBQUFBQUFBQUFBQUEA"},{"allegationDate":"09-09-2015","name":"Associated Press Newswires","supportingLink":"https://api.dowjones.com/api/public/2.0/Content/article/articleRef/Xml?articleRef=APRS000020150909eb9900bt8&encryptedToken=S00YcVo1sV72Gbt1HmnOHmnNTUuOTUoODar5DByWWNW1pFpV92oRsJqMUFBQUFBQUFBQUFBQUFBQUFBQUFBQUFBQUFBQUFBQUEA"},{"allegationDate":"06-01-2016","name":"Department of Justice Documents","supportingLink":"https://api.dowjones.com/api/public/2.0/Content/article/articleRef/Xml?articleRef=DOJDOC0020160106ec160002w&encryptedToken=S00YcVo1sV72Gbt1HmnOHmnNTUuOTUoODar5DByWWNW1pFpV92oRsJqMUFBQUFBQUFBQUFBQUFBQUFBQUFBQUFBQUFBQUFBQUEA"},{"allegationDate":"13-08-2012","name":"Provinciale Zeeuwse Courant","supportingLink":"https://api.dowjones.com/api/public/2.0/Content/article/articleRef/Xml?articleRef=PZEEUC0020120813e88d0001u&encryptedToken=S00YcVo1sV72Gbt1HmnOHmnNTUuOTUoODar5DByWWNW1pFpV92oRsJqMUFBQUFBQUFBQUFBQUFBQUFBQUFBQUFBQUFBQUFBQUEA"},{"allegationDate":"07-03-2017","name":"Le Monde.fr","supportingLink":"https://api.dowjones.com/api/public/2.0/Content/article/articleRef/Xml?articleRef=LEMFR00020170307ed370008f&encryptedToken=S00YcVo1sV72Gbt1HmnOHmnNTUuOTUoODar5DByWWNW1pFpV92oRsJqMUFBQUFBQUFBQUFBQUFBQUFBQUFBQUFBQUFBQUFBQUEA"},{"allegationDate":"23-05-2018","name":"AE Agronegocios","supportingLink":"https://api.dowjones.com/api/public/2.0/Content/article/articleRef/Xml?articleRef=AEAGRO0020180523ee5n001rx&encryptedToken=S00YcVo1sV72Gbt1HmnOHmnNTUuOTUoODar5DByWWNW1pFpV92oRsJqMUFBQUFBQUFBQUFBQUFBQUFBQUFBQUFBQUFBQUFBQUEA"}]},"totalCount":15},{"issueName":"Social/Labour","allegations":{"Workforce Disputes":[{"allegationDate":"27-05-2014","name":"Ouest France","supportingLink":"https://api.dowjones.com/api/public/2.0/Content/article/articleRef/Xml?articleRef=OUESTF0020140528ea5r001nv&encryptedToken=S00YcVo1sV72Gbt1HmnOHmnNTUuOTUoODar5DByWWNW1pFpV92oRsJqMUFBQUFBQUFBQUFBQUFBQUFBQUFBQUFBQUFBQUFBQUEA"}],"Discrimination/Workforce Rights Issues":[{"allegationDate":"22-01-2014","name":"Dow Jones Top News & Commentary","supportingLink":"https://api.dowjones.com/api/public/2.0/Content/article/articleRef/Xml?articleRef=DJCOMM1120140122ea1m00n1i&encryptedToken=S00YcVo1sV72Gbt1HmnOHmnNTUuOTUoODar5DByWWNW1pFpV92oRsJqMUFBQUFBQUFBQUFBQUFBQUFBQUFBQUFBQUFBQUFBQUEA"},{"allegationDate":"12-01-2016","name":"The Wall Street Journal (Europe Edition)","supportingLink":"https://api.dowjones.com/api/public/2.0/Content/article/articleRef/Xml?articleRef=WSJE000020160112ec1c0000o&encryptedToken=S00YcVo1sV72Gbt1HmnOHmnNTUuOTUoODar5DByWWNW1pFpV92oRsJqMUFBQUFBQUFBQUFBQUFBQUFBQUFBQUFBQUFBQUFBQUEA"},{"allegationDate":"10-10-2018","name":"Minneapolis/St. Paul Business Journal","supportingLink":"https://api.dowjones.com/api/public/2.0/Content/article/articleRef/Xml?articleRef=MNCB000020181010eeaa0002t&encryptedToken=S00YcVo1sV72Gbt1HmnOHmnNTUuOTUoODar5DByWWNW1pFpV92oRsJqMUFBQUFBQUFBQUFBQUFBQUFBQUFBQUFBQUFBQUFBQUEA"}],"Workforce Health/Safety Issues":[],"Human Rights Issues":[{"allegationDate":"12-01-2016","name":"The Wall Street Journal (Europe Edition)","supportingLink":"https://api.dowjones.com/api/public/2.0/Content/article/articleRef/Xml?articleRef=WSJE000020160112ec1c0000o&encryptedToken=S00YcVo1sV72Gbt1HmnOHmnNTUuOTUoODar5DByWWNW1pFpV92oRsJqMUFBQUFBQUFBQUFBQUFBQUFBQUFBQUFBQUFBQUFBQUEA"},{"allegationDate":"23-10-2018","name":"Dow Jones Institutional News","supportingLink":"https://api.dowjones.com/api/public/2.0/Content/article/articleRef/Xml?articleRef=DJDN000020181023eean00496&encryptedToken=S00YcVo1sV72Gbt1HmnOHmnNTUuOTUoODar5DByWWNW1pFpV92oRsJqMUFBQUFBQUFBQUFBQUFBQUFBQUFBQUFBQUFBQUFBQUEA"}]},"totalCount":6}]}]},
     "6":{
        "DOW_JONES": [{
            "DOWJones": [{
                "issueName": "Regulatory",
                "allegations": {
                    "Corruption Issues": [],
                    "Regulatory Issues": [],
                    "Fraud Issues": [],
                    "Sanctions": []
                },
                "totalCount": 0
            }, {
                "issueName": "Environment/Production",
                "allegations": {
                    "Product/Service Issues": [],
                    "Production/Supply Chain Issues": [],
                    "Environmental Issues": []
                },
                "totalCount": 0
            }, {
                "issueName": "Social/Labour",
                "allegations": {
                    "Workforce Disputes": [],
                    "Discrimination/Workforce Rights Issues": [],
                    "Workforce Health/Safety Issues": [],
                    "Human Rights Issues": []
                },
                "totalCount": 0
            }]
        }]
    },
     "7": {
        "DOW_JONES": [{
            "DOWJones": [{
                "issueName": "Regulatory",
                "allegations": {
                    "Corruption Issues": [],
                    "Regulatory Issues": [],
                    "Fraud Issues": [],
                    "Sanctions": []
                },
                "totalCount": 0
            }, {
                "issueName": "Environment/Production",
                "allegations": {
                    "Product/Service Issues": [],
                    "Production/Supply Chain Issues": [],
                    "Environmental Issues": []
                },
                "totalCount": 0
            }, {
                "issueName": "Social/Labour",
                "allegations": {
                    "Workforce Disputes": [],
                    "Discrimination/Workforce Rights Issues": [],
                    "Workforce Health/Safety Issues": [],
                    "Human Rights Issues": []
                },
                "totalCount": 0
            }]
        }]
    },
    "8": {
        "DOW_JONES": [{
            "DOWJones": [{
                "issueName": "Regulatory",
                "allegations": {
                    "Corruption Issues": [],
                    "Regulatory Issues": [],
                    "Fraud Issues": [],
                    "Sanctions": []
                },
                "totalCount": 0
            }, {
                "issueName": "Environment/Production",
                "allegations": {
                    "Product/Service Issues": [],
                    "Production/Supply Chain Issues": [],
                    "Environmental Issues": []
                },
                "totalCount": 0
            }, {
                "issueName": "Social/Labour",
                "allegations": {
                    "Workforce Disputes": [],
                    "Discrimination/Workforce Rights Issues": [],
                    "Workforce Health/Safety Issues": [],
                    "Human Rights Issues": []
                },
                "totalCount": 0
            }]
        }]
    },
    "9": {
        "DOW_JONES": [{
            "DOWJones": [{
                "issueName": "Regulatory",
                "allegations": {
                    "Corruption Issues": [],
                    "Regulatory Issues": [],
                    "Fraud Issues": [],
                    "Sanctions": []
                },
                "totalCount": 0
            }, {
                "issueName": "Environment/Production",
                "allegations": {
                    "Product/Service Issues": [],
                    "Production/Supply Chain Issues": [],
                    "Environmental Issues": []
                },
                "totalCount": 0
            }, {
                "issueName": "Social/Labour",
                "allegations": {
                    "Workforce Disputes": [],
                    "Discrimination/Workforce Rights Issues": [],
                    "Workforce Health/Safety Issues": [],
                    "Human Rights Issues": []
                },
                "totalCount": 0
            }]
        }]
    },
    "10": {
        "DOW_JONES": [{
            "DOWJones": [{
                "issueName": "Regulatory",
                "allegations": {
                    "Corruption Issues": [],
                    "Regulatory Issues": [],
                    "Fraud Issues": [],
                    "Sanctions": []
                },
                "totalCount": 0
            }, {
                "issueName": "Environment/Production",
                "allegations": {
                    "Product/Service Issues": [],
                    "Production/Supply Chain Issues": [],
                    "Environmental Issues": []
                },
                "totalCount": 0
            }, {
                "issueName": "Social/Labour",
                "allegations": {
                    "Workforce Disputes": [],
                    "Discrimination/Workforce Rights Issues": [],
                    "Workforce Health/Safety Issues": [],
                    "Human Rights Issues": []
                },
                "totalCount": 0
            }]
        }]
    },
    "11": {
        "DOW_JONES": [{
            "DOWJones": [{
                "issueName": "Regulatory",
                "allegations": {
                    "Corruption Issues": [],
                    "Regulatory Issues": [],
                    "Fraud Issues": [],
                    "Sanctions": []
                },
                "totalCount": 0
            }, {
                "issueName": "Environment/Production",
                "allegations": {
                    "Product/Service Issues": [],
                    "Production/Supply Chain Issues": [],
                    "Environmental Issues": []
                },
                "totalCount": 0
            }, {
                "issueName": "Social/Labour",
                "allegations": {
                    "Workforce Disputes": [],
                    "Discrimination/Workforce Rights Issues": [],
                    "Workforce Health/Safety Issues": [],
                    "Human Rights Issues": []
                },
                "totalCount": 0
            }]
        }]
    },
    "12": {
        "DOW_JONES": [{
            "DOWJones": [{
                "issueName": "Regulatory",
                "allegations": {
                    "Corruption Issues": [],
                    "Regulatory Issues": [],
                    "Fraud Issues": [],
                    "Sanctions": []
                },
                "totalCount": 0
            }, {
                "issueName": "Environment/Production",
                "allegations": {
                    "Product/Service Issues": [{
                        "allegationDate": "01-12-2016",
                        "name": "Herald-Journal (Tribune Content Agency)",
                        "supportingLink": "https://api.dowjones.com/api/public/2.0/Content/article/articleRef/Xml?articleRef=KRTSG00020161201ecc10002x&encryptedToken=S00YcVo1sV72Gbt1HmnOHmnNTUuOTQsNpIr5DByWWNW1pFpV92oRsJqMUFBQUFBQUFBQUFBQUFBQUFBQUFBQUFBQUFBQUFBQUEA"
                    }, {
                        "allegationDate": "03-01-2017",
                        "name": "Aurora Banner",
                        "supportingLink": "https://api.dowjones.com/api/public/2.0/Content/article/articleRef/Xml?articleRef=AURB000020170104ed1300004&encryptedToken=S00YcVo1sV72Gbt1HmnOHmnNTUuOTQsNpIr5DByWWNW1pFpV92oRsJqMUFBQUFBQUFBQUFBQUFBQUFBQUFBQUFBQUFBQUFBQUEA"
                    }],
                    "Production/Supply Chain Issues": [],
                    "Environmental Issues": []
                },
                "totalCount": 2
            }, {
                "issueName": "Social/Labour",
                "allegations": {
                    "Workforce Disputes": [],
                    "Discrimination/Workforce Rights Issues": [],
                    "Workforce Health/Safety Issues": [],
                    "Human Rights Issues": []
                },
                "totalCount": 0
            }]
        }]
    },
    "13": {
        "DOW_JONES": [{
            "DOWJones": [{
                "issueName": "Regulatory",
                "allegations": {
                    "Corruption Issues": [],
                    "Regulatory Issues": [],
                    "Fraud Issues": [],
                    "Sanctions": []
                },
                "totalCount": 0
            }, {
                "issueName": "Environment/Production",
                "allegations": {
                    "Product/Service Issues": [],
                    "Production/Supply Chain Issues": [],
                    "Environmental Issues": []
                },
                "totalCount": 0
            }, {
                "issueName": "Social/Labour",
                "allegations": {
                    "Workforce Disputes": [],
                    "Discrimination/Workforce Rights Issues": [],
                    "Workforce Health/Safety Issues": [],
                    "Human Rights Issues": []
                },
                "totalCount": 0
            }]
        }]
    },
    "14": {
        "DOW_JONES": [{
            "DOWJones": [{
                "issueName": "Regulatory",
                "allegations": {
                    "Corruption Issues": [],
                    "Regulatory Issues": [],
                    "Fraud Issues": [],
                    "Sanctions": []
                },
                "totalCount": 0
            }, {
                "issueName": "Environment/Production",
                "allegations": {
                    "Product/Service Issues": [],
                    "Production/Supply Chain Issues": [],
                    "Environmental Issues": []
                },
                "totalCount": 0
            }, {
                "issueName": "Social/Labour",
                "allegations": {
                    "Workforce Disputes": [],
                    "Discrimination/Workforce Rights Issues": [],
                    "Workforce Health/Safety Issues": [],
                    "Human Rights Issues": []
                },
                "totalCount": 0
            }]
        }]
    },
    "15":{"DOW_JONES":[{"DOWJones":[{"issueName":"Regulatory","allegations":{"Corruption Issues":[],"Regulatory Issues":[],"Fraud Issues":[],"Sanctions":[]},"totalCount":0},{"issueName":"Environment/Production","allegations":{"Product/Service Issues":[],"Production/Supply Chain Issues":[],"Environmental Issues":[]},"totalCount":0},{"issueName":"Social/Labour","allegations":{"Workforce Disputes":[],"Discrimination/Workforce Rights Issues":[],"Workforce Health/Safety Issues":[],"Human Rights Issues":[]},"totalCount":0}]}]},
    "16":{"DOW_JONES":[{"DOWJones":[{"issueName":"Regulatory","allegations":{"Corruption Issues":[],"Regulatory Issues":[],"Fraud Issues":[],"Sanctions":[]},"totalCount":0},{"issueName":"Environment/Production","allegations":{"Product/Service Issues":[],"Production/Supply Chain Issues":[],"Environmental Issues":[]},"totalCount":0},{"issueName":"Social/Labour","allegations":{"Workforce Disputes":[],"Discrimination/Workforce Rights Issues":[],"Workforce Health/Safety Issues":[],"Human Rights Issues":[]},"totalCount":0}]}]},
    "17":{"DOW_JONES":[{"DOWJones":[{"issueName":"Regulatory","allegations":{"Corruption Issues":[],"Regulatory Issues":[],"Fraud Issues":[],"Sanctions":[]},"totalCount":0},{"issueName":"Environment/Production","allegations":{"Product/Service Issues":[],"Production/Supply Chain Issues":[],"Environmental Issues":[]},"totalCount":0},{"issueName":"Social/Labour","allegations":{"Workforce Disputes":[],"Discrimination/Workforce Rights Issues":[],"Workforce Health/Safety Issues":[],"Human Rights Issues":[]},"totalCount":0}]}]},
    "18":{"DOW_JONES":[{"DOWJones":[{"issueName":"Regulatory","allegations":{"Corruption Issues":[],"Regulatory Issues":[],"Fraud Issues":[],"Sanctions":[]},"totalCount":0},{"issueName":"Environment/Production","allegations":{"Product/Service Issues":[],"Production/Supply Chain Issues":[],"Environmental Issues":[]},"totalCount":0},{"issueName":"Social/Labour","allegations":{"Workforce Disputes":[],"Discrimination/Workforce Rights Issues":[],"Workforce Health/Safety Issues":[],"Human Rights Issues":[]},"totalCount":0}]}]},
    "19":{"DOW_JONES":[{"DOWJones":[{"issueName":"Regulatory","allegations":{"Corruption Issues":[],"Regulatory Issues":[],"Fraud Issues":[],"Sanctions":[]},"totalCount":0},{"issueName":"Environment/Production","allegations":{"Product/Service Issues":[{"allegationDate":"13-12-2013","name":"The Free Press","supportingLink":"https://api.dowjones.com/api/public/2.0/Content/article/articleRef/Xml?articleRef=MANKFP0020131214e9cd00005&encryptedToken=S00YcVo1sV72Gbt1HmnOHmnNTUuOTQsNpIr5DByWWNW1pFpV92oRsJqMUFBQUFBQUFBQUFBQUFBQUFBQUFBQUFBQUFBQUFBQUEA"},{"allegationDate":"20-09-2012","name":"MarketLine News and Comment","supportingLink":"https://api.dowjones.com/api/public/2.0/Content/article/articleRef/Xml?articleRef=DTMNTR0020120921e89k0004k&encryptedToken=S00YcVo1sV72Gbt1HmnOHmnNTUuOTQsNpIr5DByWWNW1pFpV92oRsJqMUFBQUFBQUFBQUFBQUFBQUFBQUFBQUFBQUFBQUFBQUEA"},{"allegationDate":"28-03-2018","name":"Associated Press Newswires","supportingLink":"https://api.dowjones.com/api/public/2.0/Content/article/articleRef/Xml?articleRef=APRS000020180328ee3s00o8b&encryptedToken=S00YcVo1sV72Gbt1HmnOHmnNTUuOTQsNpIr5DByWWNW1pFpV92oRsJqMUFBQUFBQUFBQUFBQUFBQUFBQUFBQUFBQUFBQUFBQUEA"}],"Production/Supply Chain Issues":[],"Environmental Issues":[]},"totalCount":3},{"issueName":"Social/Labour","allegations":{"Workforce Disputes":[],"Discrimination/Workforce Rights Issues":[],"Workforce Health/Safety Issues":[],"Human Rights Issues":[]},"totalCount":0}]}]},
    "20":{"DOW_JONES":[{"DOWJones":[{"issueName":"Regulatory","allegations":{"Corruption Issues":[],"Regulatory Issues":[],"Fraud Issues":[],"Sanctions":[]},"totalCount":0},{"issueName":"Environment/Production","allegations":{"Product/Service Issues":[],"Production/Supply Chain Issues":[],"Environmental Issues":[]},"totalCount":0},{"issueName":"Social/Labour","allegations":{"Workforce Disputes":[],"Discrimination/Workforce Rights Issues":[],"Workforce Health/Safety Issues":[],"Human Rights Issues":[]},"totalCount":0}]}]},
    "21":{"DOW_JONES":[{"DOWJones":[{"issueName":"Regulatory","allegations":{"Corruption Issues":[],"Regulatory Issues":[],"Fraud Issues":[],"Sanctions":[]},"totalCount":0},{"issueName":"Environment/Production","allegations":{"Product/Service Issues":[],"Production/Supply Chain Issues":[],"Environmental Issues":[]},"totalCount":0},{"issueName":"Social/Labour","allegations":{"Workforce Disputes":[],"Discrimination/Workforce Rights Issues":[],"Workforce Health/Safety Issues":[],"Human Rights Issues":[]},"totalCount":0}]}]},
    "22":{"DOW_JONES":[{"DOWJones":[{"issueName":"Regulatory","allegations":{"Corruption Issues":[],"Regulatory Issues":[{"allegationDate":"11-04-2017","name":"Associated Press Newswires","supportingLink":"https://api.dowjones.com/api/public/2.0/Content/article/articleRef/Xml?articleRef=APRS000020170410ed4a00pgx&encryptedToken=S00YcVo1sV72Gbt1HmnOHmnNTUsMT6qMTIu5DByWWNW1pFpV92oRsJqMUFBQUFBQUFBQUFBQUFBQUFBQUFBQUFBQUFBQUFBQUEA"}],"Fraud Issues":[],"Sanctions":[]},"totalCount":1},{"issueName":"Environment/Production","allegations":{"Product/Service Issues":[{"allegationDate":"10-08-2016","name":"Waccamaw Times","supportingLink":"https://api.dowjones.com/api/public/2.0/Content/article/articleRef/Xml?articleRef=WCMWTMS020160815ec8a00005&encryptedToken=S00YcVo1sV72Gbt1HmnOHmnNTUsMT6qMTIu5DByWWNW1pFpV92oRsJqMUFBQUFBQUFBQUFBQUFBQUFBQUFBQUFBQUFBQUFBQUEA"}],"Production/Supply Chain Issues":[],"Environmental Issues":[]},"totalCount":1},{"issueName":"Social/Labour","allegations":{"Workforce Disputes":[],"Discrimination/Workforce Rights Issues":[{"allegationDate":"11-04-2017","name":"Associated Press Newswires","supportingLink":"https://api.dowjones.com/api/public/2.0/Content/article/articleRef/Xml?articleRef=APRS000020170410ed4a00pgx&encryptedToken=S00YcVo1sV72Gbt1HmnOHmnNTUsMT6qMTIu5DByWWNW1pFpV92oRsJqMUFBQUFBQUFBQUFBQUFBQUFBQUFBQUFBQUFBQUFBQUEA"},{"allegationDate":"12-03-2018","name":"Class Action Reporter","supportingLink":"https://api.dowjones.com/api/public/2.0/Content/article/articleRef/Xml?articleRef=CLASSAR020180313ee3c0002i&encryptedToken=S00YcVo1sV72Gbt1HmnOHmnNTUsMT6qMTIu5DByWWNW1pFpV92oRsJqMUFBQUFBQUFBQUFBQUFBQUFBQUFBQUFBQUFBQUFBQUEA"}],"Workforce Health/Safety Issues":[],"Human Rights Issues":[]},"totalCount":2}]}]},
    "23":{"DOW_JONES":[{"DOWJones":[{"issueName":"Regulatory","allegations":{"Corruption Issues":[],"Regulatory Issues":[],"Fraud Issues":[],"Sanctions":[]},"totalCount":0},{"issueName":"Environment/Production","allegations":{"Product/Service Issues":[{"allegationDate":"13-12-2016","name":"Metro - Philadelphia","supportingLink":"https://api.dowjones.com/api/public/2.0/Content/article/articleRef/Xml?articleRef=METPHL0020161214eccd0000s&encryptedToken=S00YcVo1sV72Gbt1HmnOHmnNTUsMT6qMTIu5DByWWNW1pFpV92oRsJqMUFBQUFBQUFBQUFBQUFBQUFBQUFBQUFBQUFBQUFBQUEA"},{"allegationDate":"12-04-2018","name":"Boston Business Journal","supportingLink":"https://api.dowjones.com/api/public/2.0/Content/article/articleRef/Xml?articleRef=BBJ0000020180412ee4c00001&encryptedToken=S00YcVo1sV72Gbt1HmnOHmnNTUsMT6qMTIu5DByWWNW1pFpV92oRsJqMUFBQUFBQUFBQUFBQUFBQUFBQUFBQUFBQUFBQUFBQUEA"}],"Production/Supply Chain Issues":[],"Environmental Issues":[{"allegationDate":"17-04-2014","name":"The Record","supportingLink":"https://api.dowjones.com/api/public/2.0/Content/article/articleRef/Xml?articleRef=REC0000020140417ea4h00007&encryptedToken=S00YcVo1sV72Gbt1HmnOHmnNTUsMT6qMTIu5DByWWNW1pFpV92oRsJqMUFBQUFBQUFBQUFBQUFBQUFBQUFBQUFBQUFBQUFBQUEA"}]},"totalCount":3},{"issueName":"Social/Labour","allegations":{"Workforce Disputes":[{"allegationDate":"22-04-2017","name":"24 Heures","supportingLink":"https://api.dowjones.com/api/public/2.0/Content/article/articleRef/Xml?articleRef=TFHOUR0020170422ed4m0000a&encryptedToken=S00YcVo1sV72Gbt1HmnOHmnNTUsMT6qMTIu5DByWWNW1pFpV92oRsJqMUFBQUFBQUFBQUFBQUFBQUFBQUFBQUFBQUFBQUFBQUEA"}],"Discrimination/Workforce Rights Issues":[{"allegationDate":"12-04-2018","name":"Boston Business Journal","supportingLink":"https://api.dowjones.com/api/public/2.0/Content/article/articleRef/Xml?articleRef=BBJ0000020180412ee4c00001&encryptedToken=S00YcVo1sV72Gbt1HmnOHmnNTUsMT6qMTIu5DByWWNW1pFpV92oRsJqMUFBQUFBQUFBQUFBQUFBQUFBQUFBQUFBQUFBQUFBQUEA"},{"allegationDate":"06-02-2018","name":"Boston Business Journal","supportingLink":"https://api.dowjones.com/api/public/2.0/Content/article/articleRef/Xml?articleRef=BBJ0000020180206ee260005l&encryptedToken=S00YcVo1sV72Gbt1HmnOHmnNTUsMT6qMTIu5DByWWNW1pFpV92oRsJqMUFBQUFBQUFBQUFBQUFBQUFBQUFBQUFBQUFBQUFBQUEA"}],"Workforce Health/Safety Issues":[],"Human Rights Issues":[]},"totalCount":3}]}]},
    "24":{"DOW_JONES":[{"DOWJones":[{"issueName":"Regulatory","allegations":{"Corruption Issues":[],"Regulatory Issues":[{"allegationDate":"16-11-2012","name":"The Wall Street Journal","supportingLink":"https://api.dowjones.com/api/public/2.0/Content/article/articleRef/Xml?articleRef=J000000020121116e8bg00038&encryptedToken=S00YcVo1sV72Gbt1HmnOHmnNTUsMT6qMTIu5DByWWNW1pFpV92oRsJqMUFBQUFBQUFBQUFBQUFBQUFBQUFBQUFBQUFBQUFBQUEA"},{"allegationDate":"25-04-2013","name":"The Atlanta Journal - Constitution","supportingLink":"https://api.dowjones.com/api/public/2.0/Content/article/articleRef/Xml?articleRef=ATJC000020130425e94p0001n&encryptedToken=S00YcVo1sV72Gbt1HmnOHmnNTUsMT6qMTIu5DByWWNW1pFpV92oRsJqMUFBQUFBQUFBQUFBQUFBQUFBQUFBQUFBQUFBQUFBQUEA"},{"allegationDate":"26-08-2014","name":"Louisville Business First Online","supportingLink":"https://api.dowjones.com/api/public/2.0/Content/article/articleRef/Xml?articleRef=BSFLVO0020140826ea8q0002v&encryptedToken=S00YcVo1sV72Gbt1HmnOHmnNTUsMT6qMTIu5DByWWNW1pFpV92oRsJqMUFBQUFBQUFBQUFBQUFBQUFBQUFBQUFBQUFBQUFBQUEA"},{"allegationDate":"11-06-2014","name":"The Wall Street Journal","supportingLink":"https://api.dowjones.com/api/public/2.0/Content/article/articleRef/Xml?articleRef=J000000020140611ea6b00032&encryptedToken=S00YcVo1sV72Gbt1HmnOHmnNTUsMT6qMTIu5DByWWNW1pFpV92oRsJqMUFBQUFBQUFBQUFBQUFBQUFBQUFBQUFBQUFBQUFBQUEA"},{"allegationDate":"27-06-2014","name":"The Legal Intelligencer","supportingLink":"https://api.dowjones.com/api/public/2.0/Content/article/articleRef/Xml?articleRef=LINTEL0020140627ea6r0000a&encryptedToken=S00YcVo1sV72Gbt1HmnOHmnNTUsMT6qMTIu5DByWWNW1pFpV92oRsJqMUFBQUFBQUFBQUFBQUFBQUFBQUFBQUFBQUFBQUFBQUEA"},{"allegationDate":"08-11-2016","name":"Hong Kong Shipping Gazette Daily Enews","supportingLink":"https://api.dowjones.com/api/public/2.0/Content/article/articleRef/Xml?articleRef=HKSHIP0020161107ecb800007&encryptedToken=S00YcVo1sV72Gbt1HmnOHmnNTUsMT6qMTIu5DByWWNW1pFpV92oRsJqMUFBQUFBQUFBQUFBQUFBQUFBQUFBQUFBQUFBQUFBQUEA"},{"allegationDate":"12-07-2015","name":"scmp.com","supportingLink":"https://api.dowjones.com/api/public/2.0/Content/article/articleRef/Xml?articleRef=SCMCOM0020150712eb7c00031&encryptedToken=S00YcVo1sV72Gbt1HmnOHmnNTUsMT6qMTIu5DByWWNW1pFpV92oRsJqMUFBQUFBQUFBQUFBQUFBQUFBQUFBQUFBQUFBQUFBQUEA"},{"allegationDate":"24-12-2018","name":"Press Trust of India","supportingLink":"https://api.dowjones.com/api/public/2.0/Content/article/articleRef/Xml?articleRef=PRTRIN0020181224eeco004ph&encryptedToken=S00YcVo1sV72Gbt1HmnOHmnNTUsMT6qMTIu5DByWWNW1pFpV92oRsJqMUFBQUFBQUFBQUFBQUFBQUFBQUFBQUFBQUFBQUFBQUEA"},{"allegationDate":"29-02-2016","name":"Agencia EFE - Servicio Internacional","supportingLink":"https://api.dowjones.com/api/public/2.0/Content/article/articleRef/Xml?articleRef=AGEINT0020160229ec2t0073l&encryptedToken=S00YcVo1sV72Gbt1HmnOHmnNTUsMT6qMTIu5DByWWNW1pFpV92oRsJqMUFBQUFBQUFBQUFBQUFBQUFBQUFBQUFBQUFBQUFBQUEA"},{"allegationDate":"25-06-2017","name":"Greensboro News & Record","supportingLink":"https://api.dowjones.com/api/public/2.0/Content/article/articleRef/Xml?articleRef=GRNB000020170625ed6p00007&encryptedToken=S00YcVo1sV72Gbt1HmnOHmnNTUsMT6qMTIu5DByWWNW1pFpV92oRsJqMUFBQUFBQUFBQUFBQUFBQUFBQUFBQUFBQUFBQUFBQUEA"},{"allegationDate":"10-03-2018","name":"El Mundo","supportingLink":"https://api.dowjones.com/api/public/2.0/Content/article/articleRef/Xml?articleRef=MUNDO00020180310ee3a0003m&encryptedToken=S00YcVo1sV72Gbt1HmnOHmnNTUsMT6qMTIu5DByWWNW1pFpV92oRsJqMUFBQUFBQUFBQUFBQUFBQUFBQUFBQUFBQUFBQUFBQUEA"}],"Fraud Issues":[{"allegationDate":"09-01-2013","name":"El País - Nacional","supportingLink":"https://api.dowjones.com/api/public/2.0/Content/article/articleRef/Xml?articleRef=PAISN00020130109e91900020&encryptedToken=S00YcVo1sV72Gbt1HmnOHmnNTUsMT6qMTIu5DByWWNW1pFpV92oRsJqMUFBQUFBQUFBQUFBQUFBQUFBQUFBQUFBQUFBQUFBQUEA"},{"allegationDate":"21-10-2015","name":"Greensboro News & Record","supportingLink":"https://api.dowjones.com/api/public/2.0/Content/article/articleRef/Xml?articleRef=GRNB000020151022ebal0000e&encryptedToken=S00YcVo1sV72Gbt1HmnOHmnNTUsMT6qMTIu5DByWWNW1pFpV92oRsJqMUFBQUFBQUFBQUFBQUFBQUFBQUFBQUFBQUFBQUFBQUEA"}],"Sanctions":[{"allegationDate":"05-12-2013","name":"Washington Post.com","supportingLink":"https://api.dowjones.com/api/public/2.0/Content/article/articleRef/Xml?articleRef=WPCOM00020131205e9c5000rt&encryptedToken=S00YcVo1sV72Gbt1HmnOHmnNTUsMT6qMTIu5DByWWNW1pFpV92oRsJqMUFBQUFBQUFBQUFBQUFBQUFBQUFBQUFBQUFBQUFBQUEA"}]},"totalCount":14},{"issueName":"Environment/Production","allegations":{"Product/Service Issues":[{"allegationDate":"14-02-2013","name":"The Day (Tribune Content Agency)","supportingLink":"https://api.dowjones.com/api/public/2.0/Content/article/articleRef/Xml?articleRef=KRTNL00020130214e92e0005n&encryptedToken=S00YcVo1sV72Gbt1HmnOHmnNTUsMT6qMTIu5DByWWNW1pFpV92oRsJqMUFBQUFBQUFBQUFBQUFBQUFBQUFBQUFBQUFBQUFBQUEA"},{"allegationDate":"11-10-2013","name":"Louisville Business First Online","supportingLink":"https://api.dowjones.com/api/public/2.0/Content/article/articleRef/Xml?articleRef=BSFLVO0020131011e9ab0008d&encryptedToken=S00YcVo1sV72Gbt1HmnOHmnNTUsMT6qMTIu5DByWWNW1pFpV92oRsJqMUFBQUFBQUFBQUFBQUFBQUFBQUFBQUFBQUFBQUFBQUEA"},{"allegationDate":"25-04-2013","name":"The Atlanta Journal - Constitution","supportingLink":"https://api.dowjones.com/api/public/2.0/Content/article/articleRef/Xml?articleRef=ATJC000020130425e94p0001n&encryptedToken=S00YcVo1sV72Gbt1HmnOHmnNTUsMT6qMTIu5DByWWNW1pFpV92oRsJqMUFBQUFBQUFBQUFBQUFBQUFBQUFBQUFBQUFBQUFBQUEA"},{"allegationDate":"14-12-2013","name":"Grand Forks Herald","supportingLink":"https://api.dowjones.com/api/public/2.0/Content/article/articleRef/Xml?articleRef=XGFH000020131217e9ce00003&encryptedToken=S00YcVo1sV72Gbt1HmnOHmnNTUsMT6qMTIu5DByWWNW1pFpV92oRsJqMUFBQUFBQUFBQUFBQUFBQUFBQUFBQUFBQUFBQUFBQUEA"},{"allegationDate":"20-08-2014","name":"Dow Jones Top Global Market Stories","supportingLink":"https://api.dowjones.com/api/public/2.0/Content/article/articleRef/Xml?articleRef=DJTGMS1120140820ea8k00097&encryptedToken=S00YcVo1sV72Gbt1HmnOHmnNTUsMT6qMTIu5DByWWNW1pFpV92oRsJqMUFBQUFBQUFBQUFBQUFBQUFBQUFBQUFBQUFBQUFBQUEA"},{"allegationDate":"26-12-2013","name":"01net","supportingLink":"https://api.dowjones.com/api/public/2.0/Content/article/articleRef/Xml?articleRef=ACTNET0020131226e9cq0005p&encryptedToken=S00YcVo1sV72Gbt1HmnOHmnNTUsMT6qMTIu5DByWWNW1pFpV92oRsJqMUFBQUFBQUFBQUFBQUFBQUFBQUFBQUFBQUFBQUFBQUEA"},{"allegationDate":"21-09-2015","name":"Dow Jones Institutional News","supportingLink":"https://api.dowjones.com/api/public/2.0/Content/article/articleRef/Xml?articleRef=DJDN000020150921eb9l0022s&encryptedToken=S00YcVo1sV72Gbt1HmnOHmnNTUsMT6qMTIu5DByWWNW1pFpV92oRsJqMUFBQUFBQUFBQUFBQUFBQUFBQUFBQUFBQUFBQUFBQUEA"},{"allegationDate":"02-10-2015","name":"The Wall Street Journal Online","supportingLink":"https://api.dowjones.com/api/public/2.0/Content/article/articleRef/Xml?articleRef=WSJO000020151001eba1009su&encryptedToken=S00YcVo1sV72Gbt1HmnOHmnNTUsMT6qMTIu5DByWWNW1pFpV92oRsJqMUFBQUFBQUFBQUFBQUFBQUFBQUFBQUFBQUFBQUFBQUEA"},{"allegationDate":"25-11-2015","name":"Standard-Speaker","supportingLink":"https://api.dowjones.com/api/public/2.0/Content/article/articleRef/Xml?articleRef=HAZLSS0020151125ebbp0000n&encryptedToken=S00YcVo1sV72Gbt1HmnOHmnNTUsMT6qMTIu5DByWWNW1pFpV92oRsJqMUFBQUFBQUFBQUFBQUFBQUFBQUFBQUFBQUFBQUFBQUEA"},{"allegationDate":"22-12-2015","name":"latimes.com","supportingLink":"https://api.dowjones.com/api/public/2.0/Content/article/articleRef/Xml?articleRef=LATCOM0020151222ebcm00001&encryptedToken=S00YcVo1sV72Gbt1HmnOHmnNTUsMT6qMTIu5DByWWNW1pFpV92oRsJqMUFBQUFBQUFBQUFBQUFBQUFBQUFBQUFBQUFBQUFBQUEA"},{"allegationDate":"04-03-2016","name":"Broward Daily Business Review","supportingLink":"https://api.dowjones.com/api/public/2.0/Content/article/articleRef/Xml?articleRef=BDBR000020160304ec3400001&encryptedToken=S00YcVo1sV72Gbt1HmnOHmnNTUsMT6qMTIu5DByWWNW1pFpV92oRsJqMUFBQUFBQUFBQUFBQUFBQUFBQUFBQUFBQUFBQUFBQUEA"},{"allegationDate":"07-06-2016","name":"Korea Times","supportingLink":"https://api.dowjones.com/api/public/2.0/Content/article/articleRef/Xml?articleRef=KORTIM0020160608ec6700027&encryptedToken=S00YcVo1sV72Gbt1HmnOHmnNTUsMT6qMTIu5DByWWNW1pFpV92oRsJqMUFBQUFBQUFBQUFBQUFBQUFBQUFBQUFBQUFBQUFBQUEA"},{"allegationDate":"08-10-2016","name":"Chicago Sun-Times","supportingLink":"https://api.dowjones.com/api/public/2.0/Content/article/articleRef/Xml?articleRef=CHI0000020161009eca80000a&encryptedToken=S00YcVo1sV72Gbt1HmnOHmnNTUsMT6qMTIu5DByWWNW1pFpV92oRsJqMUFBQUFBQUFBQUFBQUFBQUFBQUFBQUFBQUFBQUFBQUEA"},{"allegationDate":"06-06-2017","name":"Hong Kong Shipping Gazette Daily Enews","supportingLink":"https://api.dowjones.com/api/public/2.0/Content/article/articleRef/Xml?articleRef=HKSHIP0020170605ed660000a&encryptedToken=S00YcVo1sV72Gbt1HmnOHmnNTUsMT6qMTIu5DByWWNW1pFpV92oRsJqMUFBQUFBQUFBQUFBQUFBQUFBQUFBQUFBQUFBQUFBQUEA"},{"allegationDate":"04-06-2018","name":"Class Action Reporter","supportingLink":"https://api.dowjones.com/api/public/2.0/Content/article/articleRef/Xml?articleRef=CLASSAR020180605ee6400048&encryptedToken=S00YcVo1sV72Gbt1HmnOHmnNTUsMT6qMTIu5DByWWNW1pFpV92oRsJqMUFBQUFBQUFBQUFBQUFBQUFBQUFBQUFBQUFBQUFBQUEA"},{"allegationDate":"17-10-2018","name":"Portland Press Herald","supportingLink":"https://api.dowjones.com/api/public/2.0/Content/article/articleRef/Xml?articleRef=PTPH000020181017eeah0002y&encryptedToken=S00YcVo1sV72Gbt1HmnOHmnNTUsMT6qMTIu5DByWWNW1pFpV92oRsJqMUFBQUFBQUFBQUFBQUFBQUFBQUFBQUFBQUFBQUFBQUEA"}],"Production/Supply Chain Issues":[{"allegationDate":"25-12-2013","name":"The Wall Street Journal Online","supportingLink":"https://api.dowjones.com/api/public/2.0/Content/article/articleRef/Xml?articleRef=WSJO000020131224e9co006hd&encryptedToken=S00YcVo1sV72Gbt1HmnOHmnNTUsMT6qMTIu5DByWWNW1pFpV92oRsJqMUFBQUFBQUFBQUFBQUFBQUFBQUFBQUFBQUFBQUFBQUEA"}],"Environmental Issues":[]},"totalCount":17},{"issueName":"Social/Labour","allegations":{"Workforce Disputes":[{"allegationDate":"25-11-2013","name":"CEP Research","supportingLink":"https://api.dowjones.com/api/public/2.0/Content/article/articleRef/Xml?articleRef=CEPRES0020131125e9bp00004&encryptedToken=S00YcVo1sV72Gbt1HmnOHmnNTUsMT6qMTIu5DByWWNW1pFpV92oRsJqMUFBQUFBQUFBQUFBQUFBQUFBQUFBQUFBQUFBQUFBQUEA"},{"allegationDate":"03-04-2014","name":"American Shipper","supportingLink":"https://api.dowjones.com/api/public/2.0/Content/article/articleRef/Xml?articleRef=AMSHIP0020140403ea4300001&encryptedToken=S00YcVo1sV72Gbt1HmnOHmnNTUsMT6qMTIu5DByWWNW1pFpV92oRsJqMUFBQUFBQUFBQUFBQUFBQUFBQUFBQUFBQUFBQUFBQUEA"},{"allegationDate":"23-04-2014","name":"CEP Research","supportingLink":"https://api.dowjones.com/api/public/2.0/Content/article/articleRef/Xml?articleRef=CEPRES0020140423ea4n00001&encryptedToken=S00YcVo1sV72Gbt1HmnOHmnNTUsMT6qMTIu5DByWWNW1pFpV92oRsJqMUFBQUFBQUFBQUFBQUFBQUFBQUFBQUFBQUFBQUFBQUEA"},{"allegationDate":"26-08-2014","name":"Louisville Business First Online","supportingLink":"https://api.dowjones.com/api/public/2.0/Content/article/articleRef/Xml?articleRef=BSFLVO0020140826ea8q0002v&encryptedToken=S00YcVo1sV72Gbt1HmnOHmnNTUsMT6qMTIu5DByWWNW1pFpV92oRsJqMUFBQUFBQUFBQUFBQUFBQUFBQUFBQUFBQUFBQUFBQUEA"},{"allegationDate":"23-04-2013","name":"Agentschap Belga","supportingLink":"https://api.dowjones.com/api/public/2.0/Content/article/articleRef/Xml?articleRef=BELGAD0020130423e94n005bp&encryptedToken=S00YcVo1sV72Gbt1HmnOHmnNTUsMT6qMTIu5DByWWNW1pFpV92oRsJqMUFBQUFBQUFBQUFBQUFBQUFBQUFBQUFBQUFBQUFBQUEA"},{"allegationDate":"23-10-2015","name":"Louisville Business First Online","supportingLink":"https://api.dowjones.com/api/public/2.0/Content/article/articleRef/Xml?articleRef=BSFLVO0020151023eban0008g&encryptedToken=S00YcVo1sV72Gbt1HmnOHmnNTUsMT6qMTIu5DByWWNW1pFpV92oRsJqMUFBQUFBQUFBQUFBQUFBQUFBQUFBQUFBQUFBQUFBQUEA"},{"allegationDate":"26-10-2015","name":"Investor's Business Daily","supportingLink":"https://api.dowjones.com/api/public/2.0/Content/article/articleRef/Xml?articleRef=INVDAI0020151024ebaq0002t&encryptedToken=S00YcVo1sV72Gbt1HmnOHmnNTUsMT6qMTIu5DByWWNW1pFpV92oRsJqMUFBQUFBQUFBQUFBQUFBQUFBQUFBQUFBQUFBQUFBQUEA"},{"allegationDate":"20-04-2016","name":"CEP Research","supportingLink":"https://api.dowjones.com/api/public/2.0/Content/article/articleRef/Xml?articleRef=CEPRES0020160420ec4k0002v&encryptedToken=S00YcVo1sV72Gbt1HmnOHmnNTUsMT6qMTIu5DByWWNW1pFpV92oRsJqMUFBQUFBQUFBQUFBQUFBQUFBQUFBQUFBQUFBQUFBQUEA"},{"allegationDate":"26-04-2016","name":"Dow Jones Institutional News","supportingLink":"https://api.dowjones.com/api/public/2.0/Content/article/articleRef/Xml?articleRef=DJDN000020160426ec4q003k1&encryptedToken=S00YcVo1sV72Gbt1HmnOHmnNTUsMT6qMTIu5DByWWNW1pFpV92oRsJqMUFBQUFBQUFBQUFBQUFBQUFBQUFBQUFBQUFBQUFBQUEA"},{"allegationDate":"21-10-2016","name":"Theflyonthewall.com","supportingLink":"https://api.dowjones.com/api/public/2.0/Content/article/articleRef/Xml?articleRef=FLYWAL0020161021ecal00e75&encryptedToken=S00YcVo1sV72Gbt1HmnOHmnNTUsMT6qMTIu5DByWWNW1pFpV92oRsJqMUFBQUFBQUFBQUFBQUFBQUFBQUFBQUFBQUFBQUFBQUEA"},{"allegationDate":"25-09-2017","name":"Atlanta Business Chronicle Online","supportingLink":"https://api.dowjones.com/api/public/2.0/Content/article/articleRef/Xml?articleRef=ATLBCO0020170925ed9p00002&encryptedToken=S00YcVo1sV72Gbt1HmnOHmnNTUsMT6qMTIu5DByWWNW1pFpV92oRsJqMUFBQUFBQUFBQUFBQUFBQUFBQUFBQUFBQUFBQUFBQUEA"},{"allegationDate":"30-11-2016","name":"CEP Research","supportingLink":"https://api.dowjones.com/api/public/2.0/Content/article/articleRef/Xml?articleRef=CEPRES0020161130ecbu00004&encryptedToken=S00YcVo1sV72Gbt1HmnOHmnNTUsMT6qMTIu5DByWWNW1pFpV92oRsJqMUFBQUFBQUFBQUFBQUFBQUFBQUFBQUFBQUFBQUFBQUEA"},{"allegationDate":"05-12-2017","name":"ForeignAffairs.co.nz","supportingLink":"https://api.dowjones.com/api/public/2.0/Content/article/articleRef/Xml?articleRef=PARALL0020171205edc50007a&encryptedToken=S00YcVo1sV72Gbt1HmnOHmnNTUsMT6qMTIu5DByWWNW1pFpV92oRsJqMUFBQUFBQUFBQUFBQUFBQUFBQUFBQUFBQUFBQUFBQUEA"},{"allegationDate":"09-04-2018","name":"Louisville Business First Online","supportingLink":"https://api.dowjones.com/api/public/2.0/Content/article/articleRef/Xml?articleRef=BSFLVO0020180409ee490002t&encryptedToken=S00YcVo1sV72Gbt1HmnOHmnNTUsMT6qMTIu5DByWWNW1pFpV92oRsJqMUFBQUFBQUFBQUFBQUFBQUFBQUFBQUFBQUFBQUFBQUEA"},{"allegationDate":"11-04-2018","name":"Louisville Business First Online","supportingLink":"https://api.dowjones.com/api/public/2.0/Content/article/articleRef/Xml?articleRef=BSFLVO0020180411ee4b0005m&encryptedToken=S00YcVo1sV72Gbt1HmnOHmnNTUsMT6qMTIu5DByWWNW1pFpV92oRsJqMUFBQUFBQUFBQUFBQUFBQUFBQUFBQUFBQUFBQUFBQUEA"}],"Discrimination/Workforce Rights Issues":[{"allegationDate":"19-08-2013","name":"The Connecticut Law Tribune","supportingLink":"https://api.dowjones.com/api/public/2.0/Content/article/articleRef/Xml?articleRef=CONNLT0020130819e98j0000r&encryptedToken=S00YcVo1sV72Gbt1HmnOHmnNTUsMT6qMTIu5DByWWNW1pFpV92oRsJqMUFBQUFBQUFBQUFBQUFBQUFBQUFBQUFBQUFBQUFBQUEA"},{"allegationDate":"04-11-2013","name":"Equal Employment Opportunity Commission Documents","supportingLink":"https://api.dowjones.com/api/public/2.0/Content/article/articleRef/Xml?articleRef=EEOD000020131104e9b400002&encryptedToken=S00YcVo1sV72Gbt1HmnOHmnNTUsMT6qMTIu5DByWWNW1pFpV92oRsJqMUFBQUFBQUFBQUFBQUFBQUFBQUFBQUFBQUFBQUFBQUEA"},{"allegationDate":"24-01-2014","name":"New York Daily News","supportingLink":"https://api.dowjones.com/api/public/2.0/Content/article/articleRef/Xml?articleRef=NYDN000020140124ea1o0001i&encryptedToken=S00YcVo1sV72Gbt1HmnOHmnNTUsMT6qMTIu5DByWWNW1pFpV92oRsJqMUFBQUFBQUFBQUFBQUFBQUFBQUFBQUFBQUFBQUFBQUEA"},{"allegationDate":"11-06-2014","name":"The Wall Street Journal","supportingLink":"https://api.dowjones.com/api/public/2.0/Content/article/articleRef/Xml?articleRef=J000000020140611ea6b00032&encryptedToken=S00YcVo1sV72Gbt1HmnOHmnNTUsMT6qMTIu5DByWWNW1pFpV92oRsJqMUFBQUFBQUFBQUFBQUFBQUFBQUFBQUFBQUFBQUFBQUEA"},{"allegationDate":"11-09-2014","name":"Associated Press Newswires","supportingLink":"https://api.dowjones.com/api/public/2.0/Content/article/articleRef/Xml?articleRef=APRS000020140911ea9b0021r&encryptedToken=S00YcVo1sV72Gbt1HmnOHmnNTUsMT6qMTIu5DByWWNW1pFpV92oRsJqMUFBQUFBQUFBQUFBQUFBQUFBQUFBQUFBQUFBQUFBQUEA"},{"allegationDate":"05-09-2014","name":"Hannoversche Allgemeine Zeitung","supportingLink":"https://api.dowjones.com/api/public/2.0/Content/article/articleRef/Xml?articleRef=HANZTG0020140905ea950001j&encryptedToken=S00YcVo1sV72Gbt1HmnOHmnNTUsMT6qMTIu5DByWWNW1pFpV92oRsJqMUFBQUFBQUFBQUFBQUFBQUFBQUFBQUFBQUFBQUFBQUEA"},{"allegationDate":"01-03-2014","name":"HRMagazine","supportingLink":"https://api.dowjones.com/api/public/2.0/Content/article/articleRef/Xml?articleRef=HRMZ000020140403ea310002j&encryptedToken=S00YcVo1sV72Gbt1HmnOHmnNTUsMT6qMTIu5DByWWNW1pFpV92oRsJqMUFBQUFBQUFBQUFBQUFBQUFBQUFBQUFBQUFBQUFBQUEA"},{"allegationDate":"28-11-2014","name":"Irish Independent","supportingLink":"https://api.dowjones.com/api/public/2.0/Content/article/articleRef/Xml?articleRef=IINM000020141128eabs0002f&encryptedToken=S00YcVo1sV72Gbt1HmnOHmnNTUsMT6qMTIu5DByWWNW1pFpV92oRsJqMUFBQUFBQUFBQUFBQUFBQUFBQUFBQUFBQUFBQUFBQUEA"},{"allegationDate":"27-06-2014","name":"The Legal Intelligencer","supportingLink":"https://api.dowjones.com/api/public/2.0/Content/article/articleRef/Xml?articleRef=LINTEL0020140627ea6r0000a&encryptedToken=S00YcVo1sV72Gbt1HmnOHmnNTUsMT6qMTIu5DByWWNW1pFpV92oRsJqMUFBQUFBQUFBQUFBQUFBQUFBQUFBQUFBQUFBQUFBQUEA"},{"allegationDate":"24-12-2018","name":"Press Trust of India","supportingLink":"https://api.dowjones.com/api/public/2.0/Content/article/articleRef/Xml?articleRef=PRTRIN0020181224eeco004ph&encryptedToken=S00YcVo1sV72Gbt1HmnOHmnNTUsMT6qMTIu5DByWWNW1pFpV92oRsJqMUFBQUFBQUFBQUFBQUFBQUFBQUFBQUFBQUFBQUFBQUEA"},{"allegationDate":"03-08-2015","name":"New York Law Journal","supportingLink":"https://api.dowjones.com/api/public/2.0/Content/article/articleRef/Xml?articleRef=NYLJ000020150803eb8300007&encryptedToken=S00YcVo1sV72Gbt1HmnOHmnNTUsMT6qMTIu5DByWWNW1pFpV92oRsJqMUFBQUFBQUFBQUFBQUFBQUFBQUFBQUFBQUFBQUFBQUEA"},{"allegationDate":"11-07-2012","name":"Orlando Sentinel","supportingLink":"https://api.dowjones.com/api/public/2.0/Content/article/articleRef/Xml?articleRef=ORSE000020120711e87b0000z&encryptedToken=S00YcVo1sV72Gbt1HmnOHmnNTUsMT6qMTIu5DByWWNW1pFpV92oRsJqMUFBQUFBQUFBQUFBQUFBQUFBQUFBQUFBQUFBQUFBQUEA"},{"allegationDate":"25-11-2015","name":"Standard-Speaker","supportingLink":"https://api.dowjones.com/api/public/2.0/Content/article/articleRef/Xml?articleRef=HAZLSS0020151125ebbp0000n&encryptedToken=S00YcVo1sV72Gbt1HmnOHmnNTUsMT6qMTIu5DByWWNW1pFpV92oRsJqMUFBQUFBQUFBQUFBQUFBQUFBQUFBQUFBQUFBQUFBQUEA"},{"allegationDate":"12-09-2012","name":"The San Francisco Chronicle","supportingLink":"https://api.dowjones.com/api/public/2.0/Content/article/articleRef/Xml?articleRef=SFC0000020120912e89c00001&encryptedToken=S00YcVo1sV72Gbt1HmnOHmnNTUsMT6qMTIu5DByWWNW1pFpV92oRsJqMUFBQUFBQUFBQUFBQUFBQUFBQUFBQUFBQUFBQUFBQUEA"},{"allegationDate":"06-07-2016","name":"PR Newswire","supportingLink":"https://api.dowjones.com/api/public/2.0/Content/article/articleRef/Xml?articleRef=PRN0000020160706ec76000m4&encryptedToken=S00YcVo1sV72Gbt1HmnOHmnNTUsMT6qMTIu5DByWWNW1pFpV92oRsJqMUFBQUFBQUFBQUFBQUFBQUFBQUFBQUFBQUFBQUFBQUEA"},{"allegationDate":"25-02-2017","name":"Associated Press Newswires","supportingLink":"https://api.dowjones.com/api/public/2.0/Content/article/articleRef/Xml?articleRef=APRS000020170225ed2p00eny&encryptedToken=S00YcVo1sV72Gbt1HmnOHmnNTUsMT6qMTIu5DByWWNW1pFpV92oRsJqMUFBQUFBQUFBQUFBQUFBQUFBQUFBQUFBQUFBQUFBQUEA"},{"allegationDate":"25-06-2017","name":"Greensboro News & Record","supportingLink":"https://api.dowjones.com/api/public/2.0/Content/article/articleRef/Xml?articleRef=GRNB000020170625ed6p00007&encryptedToken=S00YcVo1sV72Gbt1HmnOHmnNTUsMT6qMTIu5DByWWNW1pFpV92oRsJqMUFBQUFBQUFBQUFBQUFBQUFBQUFBQUFBQUFBQUFBQUEA"},{"allegationDate":"01-08-2017","name":"Congressional Documents and Publications","supportingLink":"https://api.dowjones.com/api/public/2.0/Content/article/articleRef/Xml?articleRef=CONGDP0020170801ed810008o&encryptedToken=S00YcVo1sV72Gbt1HmnOHmnNTUsMT6qMTIu5DByWWNW1pFpV92oRsJqMUFBQUFBQUFBQUFBQUFBQUFBQUFBQUFBQUFBQUFBQUEA"},{"allegationDate":"09-04-2018","name":"Louisville Business First Online","supportingLink":"https://api.dowjones.com/api/public/2.0/Content/article/articleRef/Xml?articleRef=BSFLVO0020180409ee490002t&encryptedToken=S00YcVo1sV72Gbt1HmnOHmnNTUsMT6qMTIu5DByWWNW1pFpV92oRsJqMUFBQUFBQUFBQUFBQUFBQUFBQUFBQUFBQUFBQUFBQUEA"},{"allegationDate":"21-08-2018","name":"La Opinión","supportingLink":"https://api.dowjones.com/api/public/2.0/Content/article/articleRef/Xml?articleRef=LAOPIN0020180822ee8l00009&encryptedToken=S00YcVo1sV72Gbt1HmnOHmnNTUsMT6qMTIu5DByWWNW1pFpV92oRsJqMUFBQUFBQUFBQUFBQUFBQUFBQUFBQUFBQUFBQUFBQUEA"}],"Workforce Health/Safety Issues":[],"Human Rights Issues":[]},"totalCount":35}]}]},
    "25":{"DOW_JONES":[{"DOWJones":[{"issueName":"Regulatory","allegations":{"Corruption Issues":[],"Regulatory Issues":[],"Fraud Issues":[{"allegationDate":"06-11-2014","name":"Ritzau General News Service","supportingLink":"https://api.dowjones.com/api/public/2.0/Content/article/articleRef/Xml?articleRef=RITZG00020141106eab60043a&encryptedToken=S00YcVo1sV72Gbt1HmnOHmnNTUsMT2qM9Am5DByWWNW1pFpV92oRsJqMUFBQUFBQUFBQUFBQUFBQUFBQUFBQUFBQUFBQUFBQUEA"},{"allegationDate":"01-11-2012","name":"Florida Trend","supportingLink":"https://api.dowjones.com/api/public/2.0/Content/article/articleRef/Xml?articleRef=FTRD000020121102e8b10001a&encryptedToken=S00YcVo1sV72Gbt1HmnOHmnNTUsMT2qM9Am5DByWWNW1pFpV92oRsJqMUFBQUFBQUFBQUFBQUFBQUFBQUFBQUFBQUFBQUFBQUEA"}],"Sanctions":[]},"totalCount":2},{"issueName":"Environment/Production","allegations":{"Product/Service Issues":[{"allegationDate":"14-03-2013","name":"The Plain Dealer","supportingLink":"https://api.dowjones.com/api/public/2.0/Content/article/articleRef/Xml?articleRef=CLEV000020130315e93e0000w&encryptedToken=S00YcVo1sV72Gbt1HmnOHmnNTUsMT2qM9Am5DByWWNW1pFpV92oRsJqMUFBQUFBQUFBQUFBQUFBQUFBQUFBQUFBQUFBQUFBQUEA"},{"allegationDate":"07-06-2017","name":"Nashville Business Journal","supportingLink":"https://api.dowjones.com/api/public/2.0/Content/article/articleRef/Xml?articleRef=NSHBSJ0020170607ed670002u&encryptedToken=S00YcVo1sV72Gbt1HmnOHmnNTUsMT2qM9Am5DByWWNW1pFpV92oRsJqMUFBQUFBQUFBQUFBQUFBQUFBQUFBQUFBQUFBQUFBQUEA"}],"Production/Supply Chain Issues":[],"Environmental Issues":[]},"totalCount":2},{"issueName":"Social/Labour","allegations":{"Workforce Disputes":[],"Discrimination/Workforce Rights Issues":[],"Workforce Health/Safety Issues":[],"Human Rights Issues":[]},"totalCount":0}]}]}
}