{
  "data": [
    {
      "id": 204,
      "requestId": "fae709e224bf4d66a870b28cd6ec08c2",
      "supplierName": "Align Technology BV",
      "providerKey": {
        "DUNSNUMBER": "412429586",
        "ISIN": "US08579W1036"
      },
      "packages": null,
      "userCompany": "Beroe",
      "requestCount": 1,
      "lastRequest": 0,
      "status": "PENDING",
      "regionName": "Global",
      "price": "49.0",
      "comprStatus": false,
      "lastRequestedDate": "2019-04-30T17:07:09.394+0000",
      "requestedDate": "2019-04-30T17:07:09.394+0000",
      "packageResponse": {
        
      },
      "declineMessage": null,
      "declinedDate": null
    },
    {
      "id": 203,
      "requestId": "5f2f6d5627d849b397579b82e1deb7ba",
      "supplierName": "Carestream Dental Germany GmbH",
      "providerKey": {
        "DUNSNUMBER": "314250969",
        "ISIN": "DE000BASF111"
      },
      "packages": null,
      "userCompany": "Beroe",
      "requestCount": 1,
      "lastRequest": 0,
      "status": "PENDING",
      "regionName": "Global",
      "price": "49.0",
      "comprStatus": false,
      "lastRequestedDate": "2019-04-30T17:07:09.394+0000",
      "requestedDate": "2019-04-30T17:07:09.394+0000",
      "packageResponse": {
        
      },
      "declineMessage": null,
      "declinedDate": null
    },
    {
      "id": 201,
      "requestId": "008e8bdcd36c493a8d8b933f9bd8999c",
      "supplierName": "Cefla",
      "providerKey": {
        "DUNSNUMBER": "630053846",
        "ISIN": "AU000000AMC4"
      },
      "packages": null,
      "userCompany": "Beroe",
      "requestCount": 1,
      "lastRequest": 0,
      "status": "PENDING",
      "regionName": "Global",
      "price": "49.0",
      "comprStatus": false,
      "lastRequestedDate": "2019-04-30T17:07:09.394+0000",
      "requestedDate": "2019-04-30T17:07:09.394+0000",
      "packageResponse": {
        
      },
      "declineMessage": null,
      "declinedDate": null
    },
    {
      "id": 202,
      "requestId": "b45356c3f4374a0192bae787e9b3aa96",
      "supplierName": "Staples Europe B.V.,",
      "providerKey": {
        "DUNSNUMBER": "409242286",
        "ISIN": "US0383361039"
      },
      "packages": null,
      "userCompany": "Beroe",
      "requestCount": 1,
      "lastRequest": 0,
      "status": "PENDING",
      "regionName": "Global",
      "price": "49.0",
      "comprStatus": false,
      "lastRequestedDate": "2019-04-30T17:07:09.394+0000",
      "requestedDate": "2019-04-30T17:07:09.394+0000",
      "packageResponse": {
        
      },
      "declineMessage": null,
      "declinedDate": null
    },
    {
      "id": 205,
      "requestId": "ebf364bb2c6645e4bec34a8c62f7ac28",
      "supplierName": "Zimmer Dental GmbH                                                                ",
      "providerKey": {
        "DUNSNUMBER": "388005274",
        "ISIN": "US12504L1098"
      },
      "packages": null,
      "userCompany": "Beroe",
      "requestCount": 1,
      "lastRequest": 0,
      "status": "PENDING",
      "regionName": "Global",
      "price": "49.0",
      "comprStatus": false,
      "lastRequestedDate": "2019-04-30T17:07:09.394+0000",
      "requestedDate": "2019-04-30T17:07:09.394+0000",
      "packageResponse": {
        
      },
      "declineMessage": null,
      "declinedDate": null
    },
    {
      "id": 59,
      "requestId": "d1a5b27f9976478da14fb27da605ab02",
      "supplierName": "Carestream Dental Germany GmbH",
      "providerKey": {
        "DUNSNUMBER": "314250969",
        "ISIN": "DE000BASF111"
      },
      "packages": null,
      "userCompany": "Beroe",
      "requestCount": 1,
      "lastRequest": 0,
      "status": "PENDING",
      "regionName": "Global",
      "price": "49.0",
      "comprStatus": false,
      "lastRequestedDate": "2019-04-29T18:50:27.435+0000",
      "requestedDate": "2019-04-29T18:50:27.435+0000",
      "packageResponse": {
        
      },
      "declineMessage": null,
      "declinedDate": null
    },
    {
      "id": 57,
      "requestId": "9645f5f431cc4c0396e5599779aacd02",
      "supplierName": "Cefla",
      "providerKey": {
        "DUNSNUMBER": "630053846",
        "ISIN": "AU000000AMC4"
      },
      "packages": null,
      "userCompany": "Beroe",
      "requestCount": 1,
      "lastRequest": 0,
      "status": "PENDING",
      "regionName": "Global",
      "price": "49.0",
      "comprStatus": false,
      "lastRequestedDate": "2019-04-29T18:50:27.435+0000",
      "requestedDate": "2019-04-29T18:50:27.435+0000",
      "packageResponse": {
        
      },
      "declineMessage": null,
      "declinedDate": null
    },
    {
      "id": 58,
      "requestId": "3829c4306b4b4183a20604cf5727d099",
      "supplierName": "Staples Europe B.V.,",
      "providerKey": {
        "DUNSNUMBER": "409242286",
        "ISIN": "US0383361039"
      },
      "packages": null,
      "userCompany": "Beroe",
      "requestCount": 1,
      "lastRequest": 0,
      "status": "PENDING",
      "regionName": "Global",
      "price": "49.0",
      "comprStatus": false,
      "lastRequestedDate": "2019-04-29T18:50:27.435+0000",
      "requestedDate": "2019-04-29T18:50:27.435+0000",
      "packageResponse": {
        
      },
      "declineMessage": null,
      "declinedDate": null
    },
    {
      "id": 60,
      "requestId": "51428567693f4131bb245b52b1ab45f8",
      "supplierName": "Align Technology BV",
      "providerKey": {
        "DUNSNUMBER": "412429586",
        "ISIN": "US08579W1036"
      },
      "packages": null,
      "userCompany": "Beroe",
      "requestCount": 2,
      "lastRequest": 0,
      "status": "PENDING",
      "regionName": "Global",
      "price": "49.0",
      "comprStatus": false,
      "lastRequestedDate": "2019-05-26T11:26:32.000+0000",
      "requestedDate": "2019-04-29T18:50:27.000+0000",
      "packageResponse": {
        
      },
      "declineMessage": null,
      "declinedDate": null
    },
    {
      "id": 55,
      "requestId": "12920dd92f6a491b884371f18eac915c",
      "supplierName": "Ernst & Young",
      "providerKey": {
        "DUNSNUMBER": "058369562"
      },
      "packages": null,
      "userCompany": "Beroe",
      "requestCount": 1,
      "lastRequest": 0,
      "status": "PENDING",
      "regionName": "Global",
      "price": "49.0",
      "comprStatus": false,
      "lastRequestedDate": "2019-04-25T11:25:09.308+0000",
      "requestedDate": "2019-04-25T11:25:09.308+0000",
      "packageResponse": {
        
      },
      "declineMessage": null,
      "declinedDate": null
    }
  ],
  "totalCounts": 12
}