{
    "1": {
        "supplierErpId": "PP987",
        "complianceRequestId": 328,
        "supplierName": "CARGILL GHANA LTD",
        "uploadedSupplierId": 527,
        "supplierPrimaryContactName": "VP Sales Sample",
        "supplierContactEmail": "vp.salessample@cargillmetest.com"
    },
    "2": {"supplierErpId":"PP832","complianceRequestId":326,"supplierName":"CARGILL, INCORPORATED","uploadedSupplierId":528,"supplierPrimaryContactName":"Global VP Sales Sample","supplierContactEmail":"glovpsalestest@cargillcheckvp.com"},
    "3": {"supplierErpId":null,"complianceRequestId":56,"supplierName":"Berry Plastics Group, Inc.","uploadedSupplierId":56,"supplierPrimaryContactName":"Berry User","supplierContactEmail":"demo@suppliercompanyberry.com"},
    "4": {"supplierErpId":null,"complianceRequestId":52,"supplierName":"IPG","uploadedSupplierId":46,"supplierPrimaryContactName":"IPG Demo","supplierContactEmail":"demo@suppliercompanyipg.com"},
    "5": {"supplierErpId":"CBA010","complianceRequestId":304,"supplierName":"AT&T CORP.","uploadedSupplierId":512,"supplierPrimaryContactName":"at at","supplierContactEmail":"demo@suppliercompanyat.com"},
    "6": {
        "supplierErpId": "ABC001",
        "complianceRequestId": 314,
        "supplierName": "CLYDE MACHINES, INC.",
        "uploadedSupplierId": 503,
        "supplierPrimaryContactName": "clyde ",
        "supplierContactEmail": "demo@suppliercompanyclyde.com"
    },
    "7": {
        "supplierErpId": "LKJ013",
        "complianceRequestId": 307,
        "supplierName": "ESRP ADVISORY DALLAS, LLC",
        "uploadedSupplierId": 515,
        "supplierPrimaryContactName": "ESRP ",
        "supplierContactEmail": "demo@suppliercompanyesrp.com"
    },
    "8": {
        "supplierErpId": "DEF002",
        "complianceRequestId": 315,
        "supplierName": "GLOBAL GROUND SUPPORT, LLC",
        "uploadedSupplierId": 504,
        "supplierPrimaryContactName": "global ",
        "supplierContactEmail": "demo@suppliercompanyglobal.com"
    },
    "9": {
        "supplierErpId": "RQP015",
        "complianceRequestId": 308,
        "supplierName": "HARRIS & FORD, LLC",
        "uploadedSupplierId": 517,
        "supplierPrimaryContactName": "HARRIS ",
        "supplierContactEmail": "demo@suppliercompanycharris.com"
    },
    "10": {
        "supplierErpId": "IHG012",
        "complianceRequestId": 306,
        "supplierName": "INTERFACE, INC.",
        "uploadedSupplierId": 514,
        "supplierPrimaryContactName": "INTERFACE ",
        "supplierContactEmail": "demo@suppliercompanyinterface.com"
    },
    "11": {
        "supplierErpId": "GHI003",
        "complianceRequestId": 316,
        "supplierName": "JOHN BEAN TECHNOLOGIES CORPORATION",
        "uploadedSupplierId": 505,
        "supplierPrimaryContactName": "john bean",
        "supplierContactEmail": "demo@suppliercompanyjohn.com"
    },
    "12": {
        "supplierErpId": "FED011",
        "complianceRequestId": 305,
        "supplierName": "MILLIKEN & COMPANY",
        "uploadedSupplierId": 513,
        "supplierPrimaryContactName": "MILLIKEN ",
        "supplierContactEmail": "demo@suppliercompanymilliken.com"
    },
    "13": {
        "supplierErpId": "XWV017",
        "complianceRequestId": 310,
        "supplierName": "PURECIRCLE USA INC.",
        "uploadedSupplierId": 519,
        "supplierPrimaryContactName": "PURECIRCLE ",
        "supplierContactEmail": "demo@suppliercompanypurec.com"
    },
    "14": {
        "supplierErpId": "AZY018",
        "complianceRequestId": 311,
        "supplierName": "QUALITY SAUSAGE COMPANY, INC.",
        "uploadedSupplierId": 520,
        "supplierPrimaryContactName": "QUALITY SAUSAGE",
        "supplierContactEmail": "demo@suppliercompanyquality.com"
    },
    "15":{"supplierErpId":"VWX008","complianceRequestId":321,"supplierName":"RECORD PRINTING CO., INC. OF STORY CITY","uploadedSupplierId":510,"supplierPrimaryContactName":"rc rc","supplierContactEmail":"demo@suppliercompanyrecord.com"},
    "16":{"supplierErpId":"MNP020","complianceRequestId":313,"supplierName":"Rousselot Dubuque Inc.","uploadedSupplierId":522,"supplierPrimaryContactName":"Rousselot ","supplierContactEmail":"demo@suppliercompanyrousselot.com"},
    "17":{"supplierErpId":"JKL004","complianceRequestId":317,"supplierName":"SAGE PARTS PLUS, INC.","uploadedSupplierId":506,"supplierPrimaryContactName":"sage ","supplierContactEmail":"demo@suppliercompanycsage.com"},
    "18":{"supplierErpId":"STU007","complianceRequestId":320,"supplierName":"SQC, LLC","uploadedSupplierId":509,"supplierPrimaryContactName":"sq sq","supplierContactEmail":"demo@suppliercompanysqc.com"},
    "19":{"supplierErpId":"UTS016","complianceRequestId":309,"supplierName":"TONY DOWNS FOODS CO.","uploadedSupplierId":518,"supplierPrimaryContactName":"Tony ","supplierContactEmail":"demo@suppliercompanytony.com"},
    "20":{"supplierErpId":"PQR006","complianceRequestId":319,"supplierName":"TRANSPERFECT, INC.","uploadedSupplierId":508,"supplierPrimaryContactName":"tr tr","supplierContactEmail":"demo@suppliercompanyctrans.com"},
    "21":{"supplierErpId":"BCA019","complianceRequestId":312,"supplierName":"Thompsons Limited","uploadedSupplierId":521,"supplierPrimaryContactName":"Thompsons ","supplierContactEmail":"demo@suppliercompanythompsons.com"},
    "22":{"supplierErpId":null,"complianceRequestId":53,"supplierName":"Kelly Services (Parent)","uploadedSupplierId":47,"supplierPrimaryContactName":"Kelly Services (Parent) Demo","supplierContactEmail":"demo@suppliercompanykes.com"},
    "23":{"supplierErpId":null,"complianceRequestId":48,"supplierName":"Thermo Fisher Scientific","uploadedSupplierId":51,"supplierPrimaryContactName":"TFS Demo","supplierContactEmail":"demo@suppliercompanytfs.com"},
    "24":{"supplierErpId":null,"complianceRequestId":49,"supplierName":"UPS","uploadedSupplierId":52,"supplierPrimaryContactName":"UPS Demo","supplierContactEmail":"demo@suppliercompanyups.com"},    
    "25":{"supplierErpId":null,"complianceRequestId":43,"supplierName":"CBRE Group Inc.","uploadedSupplierId":43,"supplierPrimaryContactName":"CBRE User test","supplierContactEmail":"demo@suppliercompanycbre.com"}

  }
