{
    "1": {
        "data": [{
            "sic_3_description": null,
            "naics_1_code": "311351",
            "mailing_city_name": "Tema",
            "status_code": null,
            "us_1987_sic_5": null,
            "naics_1_code_description": "Chocolate and Confectionery Manufacturing from Cacao Beans",
            "sic_5_description": null,
            "naics_6_code": "",
            "physical_street_address": null,
            "mailing_state_province_abbreviat": "",
            "version": null,
            "national_identification_number": "CA 16,307",
            "duns_number": "954574930",
            "mailing_state_province_name": "",
            "naics_4_code_description": "Other Grocery and Related Products Merchant Wholesalers",
            "physical_city_name": null,
            "filler_dup": "",
            "dias_code": "",
            "naics_3_code_description": "Other Animal Food Manufacturing",
            "physical_country_name": null,
            "dnb_mailing_continent_code": "1",
            "mailing_address": "PO Box 251",
            "subsidiary_indicator": null,
            "global_ultimate": "954574930",
            "timestamp": null,
            "dnb_mailing_country_code": "273",
            "hierarchy_code": "00",
            "sic_1_description": null,
            "sic_6_description": null,
            "global_ultimate_business_name": "",
            "business_name": "CARGILL GHANA LIMITED",
            "dnb_mailing_state_province_code": "000",
            "us_1987_sic_4": null,
            "us_1987_sic_1": null,
            "sic_2_description": null,
            "mailing_postal_code": "",
            "naics_3_code": "311119",
            "national_identification_type_cod": "00561",
            "mailing_country_name": "GHANA",
            "us_1987_sic_2": null,
            "naics_4_code": "424490",
            "transaction_indicator": null,
            "dnb_mailing_city_code": "",
            "us_1987_sic_3": null,
            "filler": "",
            "naics_2_code_description": "Commercial Bakeries",
            "naics_5_code_description": "",
            "naics_5_code": "",
            "physical_state_province_name": null,
            "us_1987_sic_6": null,
            "chief_executive_officer_title": null,
            "naics_6_code_description": "",
            "naics_2_code": "311812",
            "sic_4_description": null,
            "chief_executive_officer_name": "Michiel Jehee",
            "employees": null,
            "headQuaters": null,
            "phoneNumber": null,
            "dunsNumber": null,
            "sales": null,
            "established": null,
            "summary": null,
            "cfo": null,
            "vicePresident": null,
            "website": null,
            "facebook": null,
            "linkedIn": null,
            "extended_gu_duns_number": "006249189",
            "extended_gu_business_name": "CARGILL, INCORPORATED"
        }],
        "totalCounts": 1
    },
    "2": {
      "data" : [ ],
      "totalCounts" : 0
    },
    "3": {
      "data" : [ {
        "sic_3_description" : null,
        "naics_1_code" : "326199",
        "mailing_city_name" : "Evansville",
        "status_code" : null,
        "us_1987_sic_5" : null,
        "naics_1_code_description" : "All Other Plastics Product Manufacturing",
        "sic_5_description" : null,
        "naics_6_code" : "",
        "physical_street_address" : null,
        "mailing_state_province_abbreviat" : "IN",
        "version" : null,
        "national_identification_number" : "",
        "duns_number" : "795448062",
        "mailing_state_province_name" : "Indiana",
        "naics_4_code_description" : "Unlaminated Plastics Film and Sheet (except Packaging) Manufacturing",
        "physical_city_name" : null,
        "filler_dup" : "",
        "dias_code" : "014711985",
        "naics_3_code_description" : "Plastics Bag and Pouch Manufacturing",
        "physical_country_name" : null,
        "dnb_mailing_continent_code" : "6",
        "mailing_address" : "P.O. BOX 959",
        "subsidiary_indicator" : null,
        "global_ultimate" : "795448062",
        "timestamp" : null,
        "dnb_mailing_country_code" : "805",
        "hierarchy_code" : "01",
        "sic_1_description" : null,
        "sic_6_description" : null,
        "global_ultimate_business_name" : "Berry Global Group, Inc.",
        "business_name" : "Berry Global Group, Inc.",
        "dnb_mailing_state_province_code" : "027",
        "us_1987_sic_4" : null,
        "us_1987_sic_1" : null,
        "sic_2_description" : null,
        "mailing_postal_code" : "477060959",
        "naics_3_code" : "326111",
        "national_identification_type_cod" : "",
        "mailing_country_name" : "USA",
        "us_1987_sic_2" : null,
        "naics_4_code" : "326113",
        "transaction_indicator" : null,
        "dnb_mailing_city_code" : "002740",
        "us_1987_sic_3" : null,
        "filler" : "",
        "naics_2_code_description" : "Plastics Bottle Manufacturing",
        "naics_5_code_description" : "Laminated Plastics Plate, Sheet (except Packaging), and Shape Manufacturing",
        "naics_5_code" : "326130",
        "physical_state_province_name" : null,
        "us_1987_sic_6" : null,
        "chief_executive_officer_title" : null,
        "naics_6_code_description" : "",
        "naics_2_code" : "326160",
        "sic_4_description" : null,
        "chief_executive_officer_name" : "Thomas E Salmon",
        "employees" : null,
        "headQuaters" : null,
        "phoneNumber" : null,
        "dunsNumber" : null,
        "sales" : null,
        "established" : null,
        "summary" : "Berry Global Group, Inc.",
        "cfo" : null,
        "vicePresident" : null,
        "website" : "http://www.berryglobal.com",
        "facebook" : null,
        "linkedIn" : null,
        "extended_gu_duns_number" : null,
        "extended_gu_business_name" : null
      } ],
      "totalCounts" : 1
    },
    "4": {
      "data" : [ {
        "sic_3_description" : null,
        "naics_1_code" : "541810",
        "mailing_city_name" : "New York",
        "status_code" : null,
        "us_1987_sic_5" : null,
        "naics_1_code_description" : "Advertising Agencies",
        "sic_5_description" : null,
        "naics_6_code" : "",
        "physical_street_address" : null,
        "mailing_state_province_abbreviat" : "NY",
        "version" : null,
        "national_identification_number" : "",
        "duns_number" : "006985790",
        "mailing_state_province_name" : "New York",
        "naics_4_code_description" : "",
        "physical_city_name" : null,
        "filler_dup" : "",
        "dias_code" : "008685230",
        "naics_3_code_description" : "",
        "physical_country_name" : null,
        "dnb_mailing_continent_code" : "6",
        "mailing_address" : "909 3rd Ave FL 7",
        "subsidiary_indicator" : null,
        "global_ultimate" : "006985790",
        "timestamp" : null,
        "dnb_mailing_country_code" : "805",
        "hierarchy_code" : "01",
        "sic_1_description" : null,
        "sic_6_description" : null,
        "global_ultimate_business_name" : "The Interpublic Group of Companies Inc",
        "business_name" : "The Interpublic Group of Companies Inc",
        "dnb_mailing_state_province_code" : "063",
        "us_1987_sic_4" : null,
        "us_1987_sic_1" : null,
        "sic_2_description" : null,
        "mailing_postal_code" : "100224764",
        "naics_3_code" : "",
        "national_identification_type_cod" : "",
        "mailing_country_name" : "USA",
        "us_1987_sic_2" : null,
        "naics_4_code" : "",
        "transaction_indicator" : null,
        "dnb_mailing_city_code" : "004997",
        "us_1987_sic_3" : null,
        "filler" : "",
        "naics_2_code_description" : "Marketing Consulting Services",
        "naics_5_code_description" : "",
        "naics_5_code" : "",
        "physical_state_province_name" : null,
        "us_1987_sic_6" : null,
        "chief_executive_officer_title" : null,
        "naics_6_code_description" : "",
        "naics_2_code" : "541613",
        "sic_4_description" : null,
        "chief_executive_officer_name" : "Michael I Roth",
        "employees" : null,
        "headQuaters" : null,
        "phoneNumber" : null,
        "dunsNumber" : null,
        "sales" : null,
        "established" : null,
        "summary" : "IPG HQ",
        "cfo" : null,
        "vicePresident" : null,
        "website" : "https://www.interpublic.com/",
        "facebook" : null,
        "linkedIn" : null,
        "extended_gu_duns_number" : null,
        "extended_gu_business_name" : null
      } ],
      "totalCounts" : 1
    },
    "5": {
      "data" : [ {
        "sic_3_description" : null,
        "naics_1_code" : "517911",
        "mailing_city_name" : "Annapolis",
        "status_code" : null,
        "us_1987_sic_5" : null,
        "naics_1_code_description" : "Telecommunications Resellers",
        "sic_5_description" : null,
        "naics_6_code" : "",
        "physical_street_address" : null,
        "mailing_state_province_abbreviat" : "MD",
        "version" : null,
        "national_identification_number" : "",
        "duns_number" : "078819801",
        "mailing_state_province_name" : "Maryland",
        "naics_4_code_description" : "",
        "physical_city_name" : null,
        "filler_dup" : "",
        "dias_code" : "003617728",
        "naics_3_code_description" : "",
        "physical_country_name" : null,
        "dnb_mailing_continent_code" : "6",
        "mailing_address" : "2500 Riva Rd",
        "subsidiary_indicator" : null,
        "global_ultimate" : "108024050",
        "timestamp" : null,
        "dnb_mailing_country_code" : "805",
        "hierarchy_code" : "02",
        "sic_1_description" : null,
        "sic_6_description" : null,
        "global_ultimate_business_name" : "AT&T Inc.",
        "business_name" : "AT&T Corp.",
        "dnb_mailing_state_province_code" : "039",
        "us_1987_sic_4" : null,
        "us_1987_sic_1" : null,
        "sic_2_description" : null,
        "mailing_postal_code" : "214017405",
        "naics_3_code" : "",
        "national_identification_type_cod" : "",
        "mailing_country_name" : "USA",
        "us_1987_sic_2" : null,
        "naics_4_code" : "",
        "transaction_indicator" : null,
        "dnb_mailing_city_code" : "000305",
        "us_1987_sic_3" : null,
        "filler" : "",
        "naics_2_code_description" : "",
        "naics_5_code_description" : "",
        "naics_5_code" : "",
        "physical_state_province_name" : null,
        "us_1987_sic_6" : null,
        "chief_executive_officer_title" : null,
        "naics_6_code_description" : "",
        "naics_2_code" : "",
        "sic_4_description" : null,
        "chief_executive_officer_name" : "Rusty Miller",
        "employees" : null,
        "headQuaters" : null,
        "phoneNumber" : null,
        "dunsNumber" : null,
        "sales" : null,
        "established" : null,
        "summary" : null,
        "cfo" : null,
        "vicePresident" : null,
        "website" : null,
        "facebook" : null,
        "linkedIn" : null,
        "extended_gu_duns_number" : null,
        "extended_gu_business_name" : null
      } ],
      "totalCounts" : 1
    },
    "6": {
        "data": [{
            "sic_3_description": null,
            "naics_1_code": "333924",
            "mailing_city_name": "Glenwood",
            "status_code": null,
            "us_1987_sic_5": null,
            "naics_1_code_description": "Industrial Truck, Tractor, Trailer, and Stacker Machinery Manufacturing",
            "sic_5_description": null,
            "naics_6_code": "",
            "physical_street_address": null,
            "mailing_state_province_abbreviat": "MN",
            "version": null,
            "national_identification_number": "",
            "duns_number": "058321290",
            "mailing_state_province_name": "Minnesota",
            "naics_4_code_description": "",
            "physical_city_name": null,
            "filler_dup": "",
            "dias_code": "",
            "naics_3_code_description": "",
            "physical_country_name": null,
            "dnb_mailing_continent_code": "6",
            "mailing_address": "P.O. BOX 194",
            "subsidiary_indicator": null,
            "global_ultimate": "058321290",
            "timestamp": null,
            "dnb_mailing_country_code": "805",
            "hierarchy_code": "00",
            "sic_1_description": null,
            "sic_6_description": null,
            "global_ultimate_business_name": "Clyde Machines, Inc.",
            "business_name": "Clyde Machines, Inc.",
            "dnb_mailing_state_province_code": "045",
            "us_1987_sic_4": null,
            "us_1987_sic_1": null,
            "sic_2_description": null,
            "mailing_postal_code": "563340194",
            "naics_3_code": "",
            "national_identification_type_cod": "",
            "mailing_country_name": "USA",
            "us_1987_sic_2": null,
            "naics_4_code": "",
            "transaction_indicator": null,
            "dnb_mailing_city_code": "003398",
            "us_1987_sic_3": null,
            "filler": "",
            "naics_2_code_description": "",
            "naics_5_code_description": "",
            "naics_5_code": "",
            "physical_state_province_name": null,
            "us_1987_sic_6": null,
            "chief_executive_officer_title": null,
            "naics_6_code_description": "",
            "naics_2_code": "",
            "sic_4_description": null,
            "chief_executive_officer_name": "Edna Olson",
            "employees": null,
            "headQuaters": null,
            "phoneNumber": null,
            "dunsNumber": null,
            "sales": null,
            "established": null,
            "summary": null,
            "cfo": null,
            "vicePresident": null,
            "website": null,
            "facebook": null,
            "linkedIn": null,
            "extended_gu_duns_number": null,
            "extended_gu_business_name": null
        }],
        "totalCounts": 1
    },
    "7": {
        "data": [{
            "sic_3_description": null,
            "naics_1_code": "531210",
            "mailing_city_name": "Dallas",
            "status_code": null,
            "us_1987_sic_5": null,
            "naics_1_code_description": "Offices of Real Estate Agents and Brokers",
            "sic_5_description": null,
            "naics_6_code": "",
            "physical_street_address": null,
            "mailing_state_province_abbreviat": "TX",
            "version": null,
            "national_identification_number": "",
            "duns_number": "062503926",
            "mailing_state_province_name": "Texas",
            "naics_4_code_description": "",
            "physical_city_name": null,
            "filler_dup": "",
            "dias_code": "",
            "naics_3_code_description": "",
            "physical_country_name": null,
            "dnb_mailing_continent_code": "6",
            "mailing_address": "16000 Dallas Pkwy",
            "subsidiary_indicator": null,
            "global_ultimate": "062503926",
            "timestamp": null,
            "dnb_mailing_country_code": "805",
            "hierarchy_code": "00",
            "sic_1_description": null,
            "sic_6_description": null,
            "global_ultimate_business_name": "Esrp Advisory Dallas, LLC",
            "business_name": "Esrp Advisory Dallas, LLC",
            "dnb_mailing_state_province_code": "085",
            "us_1987_sic_4": null,
            "us_1987_sic_1": null,
            "sic_2_description": null,
            "mailing_postal_code": "752486607",
            "naics_3_code": "",
            "national_identification_type_cod": "",
            "mailing_country_name": "USA",
            "us_1987_sic_2": null,
            "naics_4_code": "",
            "transaction_indicator": null,
            "dnb_mailing_city_code": "002153",
            "us_1987_sic_3": null,
            "filler": "",
            "naics_2_code_description": "",
            "naics_5_code_description": "",
            "naics_5_code": "",
            "physical_state_province_name": null,
            "us_1987_sic_6": null,
            "chief_executive_officer_title": null,
            "naics_6_code_description": "",
            "naics_2_code": "",
            "sic_4_description": null,
            "chief_executive_officer_name": "Sharon Morrison",
            "employees": null,
            "headQuaters": null,
            "phoneNumber": null,
            "dunsNumber": null,
            "sales": null,
            "established": null,
            "summary": null,
            "cfo": null,
            "vicePresident": null,
            "website": null,
            "facebook": null,
            "linkedIn": null,
            "extended_gu_duns_number": null,
            "extended_gu_business_name": null
        }],
        "totalCounts": 1
    },
    "8": {
        "data": [{
            "sic_3_description": null,
            "naics_1_code": "336413",
            "mailing_city_name": "Olathe",
            "status_code": null,
            "us_1987_sic_5": null,
            "naics_1_code_description": "Other Aircraft Parts and Auxiliary Equipment Manufacturing",
            "sic_5_description": null,
            "naics_6_code": "",
            "physical_street_address": null,
            "mailing_state_province_abbreviat": "KS",
            "version": null,
            "national_identification_number": "",
            "duns_number": "176866937",
            "mailing_state_province_name": "Kansas",
            "naics_4_code_description": "",
            "physical_city_name": null,
            "filler_dup": "",
            "dias_code": "007718148",
            "naics_3_code_description": "",
            "physical_country_name": null,
            "dnb_mailing_continent_code": "6",
            "mailing_address": "540 E Highway 56",
            "subsidiary_indicator": null,
            "global_ultimate": "024124661",
            "timestamp": null,
            "dnb_mailing_country_code": "805",
            "hierarchy_code": "02",
            "sic_1_description": null,
            "sic_6_description": null,
            "global_ultimate_business_name": "T Air Inc",
            "business_name": "Global Ground Support, LLC",
            "dnb_mailing_state_province_code": "031",
            "us_1987_sic_4": null,
            "us_1987_sic_1": null,
            "sic_2_description": null,
            "mailing_postal_code": "660614640",
            "naics_3_code": "",
            "national_identification_type_cod": "",
            "mailing_country_name": "USA",
            "us_1987_sic_2": null,
            "naics_4_code": "",
            "transaction_indicator": null,
            "dnb_mailing_city_code": "006635",
            "us_1987_sic_3": null,
            "filler": "",
            "naics_2_code_description": "Transportation Equipment and Supplies (except Motor Vehicle) Merchant Wholesalers",
            "naics_5_code_description": "",
            "naics_5_code": "",
            "physical_state_province_name": null,
            "us_1987_sic_6": null,
            "chief_executive_officer_title": null,
            "naics_6_code_description": "",
            "naics_2_code": "423860",
            "sic_4_description": null,
            "chief_executive_officer_name": "Air T Inc",
            "employees": null,
            "headQuaters": null,
            "phoneNumber": null,
            "dunsNumber": null,
            "sales": null,
            "established": null,
            "summary": null,
            "cfo": null,
            "vicePresident": null,
            "website": null,
            "facebook": null,
            "linkedIn": null,
            "extended_gu_duns_number": null,
            "extended_gu_business_name": null
        }],
        "totalCounts": 1
    },
    "9": {
        "data": [{
            "sic_3_description": null,
            "naics_1_code": "424690",
            "mailing_city_name": "Indianapolis",
            "status_code": null,
            "us_1987_sic_5": null,
            "naics_1_code_description": "Other Chemical and Allied Products Merchant Wholesalers",
            "sic_5_description": null,
            "naics_6_code": "",
            "physical_street_address": null,
            "mailing_state_province_abbreviat": "IN",
            "version": null,
            "national_identification_number": "",
            "duns_number": "824623003",
            "mailing_state_province_name": "Indiana",
            "naics_4_code_description": "",
            "physical_city_name": null,
            "filler_dup": "",
            "dias_code": "014993656",
            "naics_3_code_description": "",
            "physical_country_name": null,
            "dnb_mailing_continent_code": "6",
            "mailing_address": "9307 E 56th St",
            "subsidiary_indicator": null,
            "global_ultimate": "824623003",
            "timestamp": null,
            "dnb_mailing_country_code": "805",
            "hierarchy_code": "01",
            "sic_1_description": null,
            "sic_6_description": null,
            "global_ultimate_business_name": "Harris & Ford, LLC",
            "business_name": "Harris & Ford, LLC",
            "dnb_mailing_state_province_code": "027",
            "us_1987_sic_4": null,
            "us_1987_sic_1": null,
            "sic_2_description": null,
            "mailing_postal_code": "462162068",
            "naics_3_code": "",
            "national_identification_type_cod": "",
            "mailing_country_name": "USA",
            "us_1987_sic_2": null,
            "naics_4_code": "",
            "transaction_indicator": null,
            "dnb_mailing_city_code": "004063",
            "us_1987_sic_3": null,
            "filler": "",
            "naics_2_code_description": "Industrial Supplies Merchant Wholesalers",
            "naics_5_code_description": "",
            "naics_5_code": "",
            "physical_state_province_name": null,
            "us_1987_sic_6": null,
            "chief_executive_officer_title": null,
            "naics_6_code_description": "",
            "naics_2_code": "423840",
            "sic_4_description": null,
            "chief_executive_officer_name": "Timothy M Harris",
            "employees": null,
            "headQuaters": null,
            "phoneNumber": null,
            "dunsNumber": null,
            "sales": null,
            "established": null,
            "summary": null,
            "cfo": null,
            "vicePresident": null,
            "website": null,
            "facebook": null,
            "linkedIn": null,
            "extended_gu_duns_number": null,
            "extended_gu_business_name": null
        }],
        "totalCounts": 1
    },
    "10": {
        "data": [{
            "sic_3_description": null,
            "naics_1_code": "314110",
            "mailing_city_name": "Atlanta",
            "status_code": null,
            "us_1987_sic_5": null,
            "naics_1_code_description": "Carpet and Rug Mills",
            "sic_5_description": null,
            "naics_6_code": "",
            "physical_street_address": null,
            "mailing_state_province_abbreviat": "GA",
            "version": null,
            "national_identification_number": "",
            "duns_number": "064539372",
            "mailing_state_province_name": "Georgia",
            "naics_4_code_description": "",
            "physical_city_name": null,
            "filler_dup": "",
            "dias_code": "004189935",
            "naics_3_code_description": "",
            "physical_country_name": null,
            "dnb_mailing_continent_code": "6",
            "mailing_address": "2859 Paces Ferry Rd SE # 2000",
            "subsidiary_indicator": null,
            "global_ultimate": "064539372",
            "timestamp": null,
            "dnb_mailing_country_code": "805",
            "hierarchy_code": "01",
            "sic_1_description": null,
            "sic_6_description": null,
            "global_ultimate_business_name": "Interface, Inc.",
            "business_name": "Interface, Inc.",
            "dnb_mailing_state_province_code": "019",
            "us_1987_sic_4": null,
            "us_1987_sic_1": null,
            "sic_2_description": null,
            "mailing_postal_code": "303396216",
            "naics_3_code": "",
            "national_identification_type_cod": "",
            "mailing_country_name": "USA",
            "us_1987_sic_2": null,
            "naics_4_code": "",
            "transaction_indicator": null,
            "dnb_mailing_city_code": "000497",
            "us_1987_sic_3": null,
            "filler": "",
            "naics_2_code_description": "",
            "naics_5_code_description": "",
            "naics_5_code": "",
            "physical_state_province_name": null,
            "us_1987_sic_6": null,
            "chief_executive_officer_title": null,
            "naics_6_code_description": "",
            "naics_2_code": "",
            "sic_4_description": null,
            "chief_executive_officer_name": "Jay D Gould",
            "employees": null,
            "headQuaters": null,
            "phoneNumber": null,
            "dunsNumber": null,
            "sales": null,
            "established": null,
            "summary": null,
            "cfo": null,
            "vicePresident": null,
            "website": null,
            "facebook": null,
            "linkedIn": null,
            "extended_gu_duns_number": null,
            "extended_gu_business_name": null
        }],
        "totalCounts": 1
    },
    "11": {
        "data": [{
            "sic_3_description": null,
            "naics_1_code": "333241",
            "mailing_city_name": "Orlando",
            "status_code": null,
            "us_1987_sic_5": null,
            "naics_1_code_description": "Food Product Machinery Manufacturing",
            "sic_5_description": null,
            "naics_6_code": "",
            "physical_street_address": null,
            "mailing_state_province_abbreviat": "FL",
            "version": null,
            "national_identification_number": "",
            "duns_number": "031804839",
            "mailing_state_province_name": "Florida",
            "naics_4_code_description": "",
            "physical_city_name": null,
            "filler_dup": "",
            "dias_code": "020406110",
            "naics_3_code_description": "Other Metal Container Manufacturing",
            "physical_country_name": null,
            "dnb_mailing_continent_code": "6",
            "mailing_address": "7300 Presidents Dr",
            "subsidiary_indicator": null,
            "global_ultimate": "827055869",
            "timestamp": null,
            "dnb_mailing_country_code": "805",
            "hierarchy_code": "01",
            "sic_1_description": null,
            "sic_6_description": null,
            "global_ultimate_business_name": "John Bean Technologies Corporation",
            "business_name": "John Bean Technologies Corporation",
            "dnb_mailing_state_province_code": "017",
            "us_1987_sic_4": null,
            "us_1987_sic_1": null,
            "sic_2_description": null,
            "mailing_postal_code": "328095620",
            "naics_3_code": "332439",
            "national_identification_type_cod": "",
            "mailing_country_name": "USA",
            "us_1987_sic_2": null,
            "naics_4_code": "",
            "transaction_indicator": null,
            "dnb_mailing_city_code": "006844",
            "us_1987_sic_3": null,
            "filler": "",
            "naics_2_code_description": "Air-Conditioning and Warm Air Heating Equipment and Commercial and Industrial Refrigeration Equipment Manufacturing",
            "naics_5_code_description": "",
            "naics_5_code": "",
            "physical_state_province_name": null,
            "us_1987_sic_6": null,
            "chief_executive_officer_title": null,
            "naics_6_code_description": "",
            "naics_2_code": "333415",
            "sic_4_description": null,
            "chief_executive_officer_name": "Chuck Durst",
            "employees": null,
            "headQuaters": null,
            "phoneNumber": null,
            "dunsNumber": null,
            "sales": null,
            "established": null,
            "summary": null,
            "cfo": null,
            "vicePresident": null,
            "website": null,
            "facebook": null,
            "linkedIn": null,
            "extended_gu_duns_number": null,
            "extended_gu_business_name": null
        }],
        "totalCounts": 1
    },
    "12": {
        "data": [],
        "totalCounts": 0
    },
    "13": {
        "data": [{
            "sic_3_description": null,
            "naics_1_code": "325199",
            "mailing_city_name": "Oak Brook",
            "status_code": null,
            "us_1987_sic_5": null,
            "naics_1_code_description": "All Other Basic Organic Chemical Manufacturing",
            "sic_5_description": null,
            "naics_6_code": "",
            "physical_street_address": null,
            "mailing_state_province_abbreviat": "IL",
            "version": null,
            "national_identification_number": "",
            "duns_number": "831776757",
            "mailing_state_province_name": "Illinois",
            "naics_4_code_description": "",
            "physical_city_name": null,
            "filler_dup": "",
            "dias_code": "017778406",
            "naics_3_code_description": "",
            "physical_country_name": null,
            "dnb_mailing_continent_code": "6",
            "mailing_address": "915 Harger Rd Ste 250",
            "subsidiary_indicator": null,
            "global_ultimate": "875671419",
            "timestamp": null,
            "dnb_mailing_country_code": "805",
            "hierarchy_code": "03",
            "sic_1_description": null,
            "sic_6_description": null,
            "global_ultimate_business_name": "PureCircle Limited",
            "business_name": "Purecircle USA Inc.",
            "dnb_mailing_state_province_code": "025",
            "us_1987_sic_4": null,
            "us_1987_sic_1": null,
            "sic_2_description": null,
            "mailing_postal_code": "605231492",
            "naics_3_code": "",
            "national_identification_type_cod": "",
            "mailing_country_name": "USA",
            "us_1987_sic_2": null,
            "naics_4_code": "",
            "transaction_indicator": null,
            "dnb_mailing_city_code": "006289",
            "us_1987_sic_3": null,
            "filler": "",
            "naics_2_code_description": "",
            "naics_5_code_description": "",
            "naics_5_code": "",
            "physical_state_province_name": null,
            "us_1987_sic_6": null,
            "chief_executive_officer_title": null,
            "naics_6_code_description": "",
            "naics_2_code": "",
            "sic_4_description": null,
            "chief_executive_officer_name": "Magomet Malsagov",
            "employees": null,
            "headQuaters": null,
            "phoneNumber": null,
            "dunsNumber": null,
            "sales": null,
            "established": null,
            "summary": null,
            "cfo": null,
            "vicePresident": null,
            "website": null,
            "facebook": null,
            "linkedIn": null,
            "extended_gu_duns_number": null,
            "extended_gu_business_name": null
        }],
        "totalCounts": 1
    },
    "14": {
        "data": [{
            "sic_3_description": null,
            "naics_1_code": "311612",
            "mailing_city_name": "Dallas",
            "status_code": null,
            "us_1987_sic_5": null,
            "naics_1_code_description": "Meat Processed from Carcasses",
            "sic_5_description": null,
            "naics_6_code": "",
            "physical_street_address": null,
            "mailing_state_province_abbreviat": "TX",
            "version": null,
            "national_identification_number": "",
            "duns_number": "059769414",
            "mailing_state_province_name": "Texas",
            "naics_4_code_description": "",
            "physical_city_name": null,
            "filler_dup": "",
            "dias_code": "011999493",
            "naics_3_code_description": "",
            "physical_country_name": null,
            "dnb_mailing_continent_code": "6",
            "mailing_address": "1925 Lone Star Dr",
            "subsidiary_indicator": null,
            "global_ultimate": "059769414",
            "timestamp": null,
            "dnb_mailing_country_code": "805",
            "hierarchy_code": "01",
            "sic_1_description": null,
            "sic_6_description": null,
            "global_ultimate_business_name": "Quality Sausage Company, Inc.",
            "business_name": "Quality Sausage Company, Inc.",
            "dnb_mailing_state_province_code": "085",
            "us_1987_sic_4": null,
            "us_1987_sic_1": null,
            "sic_2_description": null,
            "mailing_postal_code": "752126300",
            "naics_3_code": "",
            "national_identification_type_cod": "",
            "mailing_country_name": "USA",
            "us_1987_sic_2": null,
            "naics_4_code": "",
            "transaction_indicator": null,
            "dnb_mailing_city_code": "002153",
            "us_1987_sic_3": null,
            "filler": "",
            "naics_2_code_description": "",
            "naics_5_code_description": "",
            "naics_5_code": "",
            "physical_state_province_name": null,
            "us_1987_sic_6": null,
            "chief_executive_officer_title": null,
            "naics_6_code_description": "",
            "naics_2_code": "",
            "sic_4_description": null,
            "chief_executive_officer_name": "Gene Eisen",
            "employees": null,
            "headQuaters": null,
            "phoneNumber": null,
            "dunsNumber": null,
            "sales": null,
            "established": null,
            "summary": null,
            "cfo": null,
            "vicePresident": null,
            "website": null,
            "facebook": null,
            "linkedIn": null,
            "extended_gu_duns_number": null,
            "extended_gu_business_name": null
        }],
        "totalCounts": 1
    },
    "15":{
      "data" : [ ],
      "totalCounts" : 0
    },
    "16":{
      "data" : [ {
        "sic_3_description" : null,
        "naics_1_code" : "325199",
        "mailing_city_name" : "Mukwonago",
        "status_code" : null,
        "us_1987_sic_5" : null,
        "naics_1_code_description" : "All Other Basic Organic Chemical Manufacturing",
        "sic_5_description" : null,
        "naics_6_code" : "",
        "physical_street_address" : null,
        "mailing_state_province_abbreviat" : "WI",
        "version" : null,
        "national_identification_number" : "",
        "duns_number" : "117949011",
        "mailing_state_province_name" : "Wisconsin",
        "naics_4_code_description" : "",
        "physical_city_name" : null,
        "filler_dup" : "",
        "dias_code" : "020346429",
        "naics_3_code_description" : "",
        "physical_country_name" : null,
        "dnb_mailing_continent_code" : "6",
        "mailing_address" : "1231 S Rochester St",
        "subsidiary_indicator" : null,
        "global_ultimate" : "565562645",
        "timestamp" : null,
        "dnb_mailing_country_code" : "805",
        "hierarchy_code" : "08",
        "sic_1_description" : null,
        "sic_6_description" : null,
        "global_ultimate_business_name" : "DII Holdings (Gibraltar) Limited",
        "business_name" : "Rousselot Dubuque Inc.",
        "dnb_mailing_state_province_code" : "097",
        "us_1987_sic_4" : null,
        "us_1987_sic_1" : null,
        "sic_2_description" : null,
        "mailing_postal_code" : "531499031",
        "naics_3_code" : "",
        "national_identification_type_cod" : "",
        "mailing_country_name" : "USA",
        "us_1987_sic_2" : null,
        "naics_4_code" : "",
        "transaction_indicator" : null,
        "dnb_mailing_city_code" : "005589",
        "us_1987_sic_3" : null,
        "filler" : "",
        "naics_2_code_description" : "",
        "naics_5_code_description" : "",
        "naics_5_code" : "",
        "physical_state_province_name" : null,
        "us_1987_sic_6" : null,
        "chief_executive_officer_title" : null,
        "naics_6_code_description" : "",
        "naics_2_code" : "",
        "sic_4_description" : null,
        "chief_executive_officer_name" : "Greg Schmidt",
        "employees" : null,
        "headQuaters" : null,
        "phoneNumber" : null,
        "dunsNumber" : null,
        "sales" : null,
        "established" : null,
        "summary" : null,
        "cfo" : null,
        "vicePresident" : null,
        "website" : null,
        "facebook" : null,
        "linkedIn" : null,
        "extended_gu_duns_number" : null,
        "extended_gu_business_name" : null
      } ],
      "totalCounts" : 1
    },
    "17":{
      "data" : [ {
        "sic_3_description" : null,
        "naics_1_code" : "423860",
        "mailing_city_name" : "Melville",
        "status_code" : null,
        "us_1987_sic_5" : null,
        "naics_1_code_description" : "Transportation Equipment and Supplies (except Motor Vehicle) Merchant Wholesalers",
        "sic_5_description" : null,
        "naics_6_code" : "",
        "physical_street_address" : null,
        "mailing_state_province_abbreviat" : "NY",
        "version" : null,
        "national_identification_number" : "",
        "duns_number" : "009181731",
        "mailing_state_province_name" : "New York",
        "naics_4_code_description" : "",
        "physical_city_name" : null,
        "filler_dup" : "",
        "dias_code" : "010343306",
        "naics_3_code_description" : "Industrial Truck, Tractor, Trailer, and Stacker Machinery Manufacturing",
        "physical_country_name" : null,
        "dnb_mailing_continent_code" : "6",
        "mailing_address" : "30 Hub Dr Ste 1",
        "subsidiary_indicator" : null,
        "global_ultimate" : "009181731",
        "timestamp" : null,
        "dnb_mailing_country_code" : "805",
        "hierarchy_code" : "01",
        "sic_1_description" : null,
        "sic_6_description" : null,
        "global_ultimate_business_name" : "Sage Parts Plus, Inc.",
        "business_name" : "Sage Parts Plus, Inc.",
        "dnb_mailing_state_province_code" : "063",
        "us_1987_sic_4" : null,
        "us_1987_sic_1" : null,
        "sic_2_description" : null,
        "mailing_postal_code" : "117473525",
        "naics_3_code" : "333924",
        "national_identification_type_cod" : "",
        "mailing_country_name" : "USA",
        "us_1987_sic_2" : null,
        "naics_4_code" : "",
        "transaction_indicator" : null,
        "dnb_mailing_city_code" : "004441",
        "us_1987_sic_3" : null,
        "filler" : "",
        "naics_2_code_description" : "Search, Detection, Navigation, Guidance, Aeronautical, and Nautical System and Instrument Manufacturing",
        "naics_5_code_description" : "",
        "naics_5_code" : "",
        "physical_state_province_name" : null,
        "us_1987_sic_6" : null,
        "chief_executive_officer_title" : null,
        "naics_6_code_description" : "",
        "naics_2_code" : "334511",
        "sic_4_description" : null,
        "chief_executive_officer_name" : "Mark Pollack",
        "employees" : null,
        "headQuaters" : null,
        "phoneNumber" : null,
        "dunsNumber" : null,
        "sales" : null,
        "established" : null,
        "summary" : null,
        "cfo" : null,
        "vicePresident" : null,
        "website" : null,
        "facebook" : null,
        "linkedIn" : null,
        "extended_gu_duns_number" : null,
        "extended_gu_business_name" : null
      } ],
      "totalCounts" : 1
    },
    "18":{
      "data" : [ ],
      "totalCounts" : 0
    },
    "19":{
      "data" : [ {
        "sic_3_description" : null,
        "naics_1_code" : "311615",
        "mailing_city_name" : "Mankato",
        "status_code" : null,
        "us_1987_sic_5" : null,
        "naics_1_code_description" : "Poultry Processing",
        "sic_5_description" : null,
        "naics_6_code" : "",
        "physical_street_address" : null,
        "mailing_state_province_abbreviat" : "MN",
        "version" : null,
        "national_identification_number" : "",
        "duns_number" : "006160642",
        "mailing_state_province_name" : "Minnesota",
        "naics_4_code_description" : "",
        "physical_city_name" : null,
        "filler_dup" : "",
        "dias_code" : "018520263",
        "naics_3_code_description" : "",
        "physical_country_name" : null,
        "dnb_mailing_continent_code" : "6",
        "mailing_address" : "54934 210th Ln",
        "subsidiary_indicator" : null,
        "global_ultimate" : "006160642",
        "timestamp" : null,
        "dnb_mailing_country_code" : "805",
        "hierarchy_code" : "01",
        "sic_1_description" : null,
        "sic_6_description" : null,
        "global_ultimate_business_name" : "Tony Downs Foods Co.",
        "business_name" : "Tony Downs Foods Co.",
        "dnb_mailing_state_province_code" : "045",
        "us_1987_sic_4" : null,
        "us_1987_sic_1" : null,
        "sic_2_description" : null,
        "mailing_postal_code" : "560012100",
        "naics_3_code" : "",
        "national_identification_type_cod" : "",
        "mailing_country_name" : "USA",
        "us_1987_sic_2" : null,
        "naics_4_code" : "",
        "transaction_indicator" : null,
        "dnb_mailing_city_code" : "005379",
        "us_1987_sic_3" : null,
        "filler" : "",
        "naics_2_code_description" : "All Other Miscellaneous Food Manufacturing",
        "naics_5_code_description" : "",
        "naics_5_code" : "",
        "physical_state_province_name" : null,
        "us_1987_sic_6" : null,
        "chief_executive_officer_title" : null,
        "naics_6_code_description" : "",
        "naics_2_code" : "311999",
        "sic_4_description" : null,
        "chief_executive_officer_name" : "Richard Downs",
        "employees" : null,
        "headQuaters" : null,
        "phoneNumber" : null,
        "dunsNumber" : null,
        "sales" : null,
        "established" : null,
        "summary" : null,
        "cfo" : null,
        "vicePresident" : null,
        "website" : null,
        "facebook" : null,
        "linkedIn" : null,
        "extended_gu_duns_number" : null,
        "extended_gu_business_name" : null
      } ],
      "totalCounts" : 2
    },
    "20":{
      "data" : [ {
        "sic_3_description" : null,
        "naics_1_code" : "541930",
        "mailing_city_name" : "New York",
        "status_code" : null,
        "us_1987_sic_5" : null,
        "naics_1_code_description" : "Translation and Interpretation Services",
        "sic_5_description" : null,
        "naics_6_code" : "",
        "physical_street_address" : null,
        "mailing_state_province_abbreviat" : "NY",
        "version" : null,
        "national_identification_number" : "",
        "duns_number" : "079713841",
        "mailing_state_province_name" : "New York",
        "naics_4_code_description" : "Custom Computer Programming Services",
        "physical_city_name" : null,
        "filler_dup" : "",
        "dias_code" : "007942062",
        "naics_3_code_description" : "Marketing Consulting Services",
        "physical_country_name" : null,
        "dnb_mailing_continent_code" : "6",
        "mailing_address" : "3 Park Ave FL 39",
        "subsidiary_indicator" : null,
        "global_ultimate" : "968273115",
        "timestamp" : null,
        "dnb_mailing_country_code" : "805",
        "hierarchy_code" : "02",
        "sic_1_description" : null,
        "sic_6_description" : null,
        "global_ultimate_business_name" : "Transperfect Global, Inc.",
        "business_name" : "Transperfect, Inc.",
        "dnb_mailing_state_province_code" : "063",
        "us_1987_sic_4" : null,
        "us_1987_sic_1" : null,
        "sic_2_description" : null,
        "mailing_postal_code" : "100165934",
        "naics_3_code" : "541613",
        "national_identification_type_cod" : "",
        "mailing_country_name" : "USA",
        "us_1987_sic_2" : null,
        "naics_4_code" : "541511",
        "transaction_indicator" : null,
        "dnb_mailing_city_code" : "004997",
        "us_1987_sic_3" : null,
        "filler" : "",
        "naics_2_code_description" : "Advertising Agencies",
        "naics_5_code_description" : "Offices of Lawyers",
        "naics_5_code" : "541110",
        "physical_state_province_name" : null,
        "us_1987_sic_6" : null,
        "chief_executive_officer_title" : null,
        "naics_6_code_description" : "",
        "naics_2_code" : "541810",
        "sic_4_description" : null,
        "chief_executive_officer_name" : "Elizabeth Elting",
        "employees" : null,
        "headQuaters" : null,
        "phoneNumber" : null,
        "dunsNumber" : null,
        "sales" : null,
        "established" : null,
        "summary" : null,
        "cfo" : null,
        "vicePresident" : null,
        "website" : null,
        "facebook" : null,
        "linkedIn" : null,
        "extended_gu_duns_number" : null,
        "extended_gu_business_name" : null
      } ],
      "totalCounts" : 1
    },
    "21":{
      "data" : [ {
        "sic_3_description" : null,
        "naics_1_code" : "424510",
        "mailing_city_name" : "BLENHEIM",
        "status_code" : null,
        "us_1987_sic_5" : null,
        "naics_1_code_description" : "Grain and Field Bean Merchant Wholesalers",
        "sic_5_description" : null,
        "naics_6_code" : "",
        "physical_street_address" : null,
        "mailing_state_province_abbreviat" : "ON",
        "version" : null,
        "national_identification_number" : "",
        "duns_number" : "200356111",
        "mailing_state_province_name" : "ONTARIO",
        "naics_4_code_description" : "",
        "physical_city_name" : null,
        "filler_dup" : "",
        "dias_code" : "018721222",
        "naics_3_code_description" : "",
        "physical_country_name" : null,
        "dnb_mailing_continent_code" : "6",
        "mailing_address" : "PO Box 250",
        "subsidiary_indicator" : null,
        "global_ultimate" : "200356111",
        "timestamp" : null,
        "dnb_mailing_country_code" : "121",
        "hierarchy_code" : "01",
        "sic_1_description" : null,
        "sic_6_description" : null,
        "global_ultimate_business_name" : "Thompsons Limited",
        "business_name" : "Thompsons Limited",
        "dnb_mailing_state_province_code" : "562",
        "us_1987_sic_4" : null,
        "us_1987_sic_1" : null,
        "sic_2_description" : null,
        "mailing_postal_code" : "N0P 1A0",
        "naics_3_code" : "",
        "national_identification_type_cod" : "",
        "mailing_country_name" : "CANADA",
        "us_1987_sic_2" : null,
        "naics_4_code" : "",
        "transaction_indicator" : null,
        "dnb_mailing_city_code" : "000684",
        "us_1987_sic_3" : null,
        "filler" : "",
        "naics_2_code_description" : "Farm Supplies Merchant Wholesalers",
        "naics_5_code_description" : "",
        "naics_5_code" : "",
        "physical_state_province_name" : null,
        "us_1987_sic_6" : null,
        "chief_executive_officer_title" : null,
        "naics_6_code_description" : "",
        "naics_2_code" : "424910",
        "sic_4_description" : null,
        "chief_executive_officer_name" : "Dawn Betancourt",
        "employees" : null,
        "headQuaters" : null,
        "phoneNumber" : null,
        "dunsNumber" : null,
        "sales" : null,
        "established" : null,
        "summary" : null,
        "cfo" : null,
        "vicePresident" : null,
        "website" : null,
        "facebook" : null,
        "linkedIn" : null,
        "extended_gu_duns_number" : null,
        "extended_gu_business_name" : null
      } ],
      "totalCounts" : 1
    },
    "22":{
      "data" : [ {
        "sic_3_description" : null,
        "naics_1_code" : "561320",
        "mailing_city_name" : "Detroit",
        "status_code" : null,
        "us_1987_sic_5" : null,
        "naics_1_code_description" : "Temporary Help Services",
        "sic_5_description" : null,
        "naics_6_code" : "",
        "physical_street_address" : null,
        "mailing_state_province_abbreviat" : "MI",
        "version" : null,
        "national_identification_number" : "",
        "duns_number" : "006958318",
        "mailing_state_province_name" : "Michigan",
        "naics_4_code_description" : "",
        "physical_city_name" : null,
        "filler_dup" : "",
        "dias_code" : "002119630",
        "naics_3_code_description" : "",
        "physical_country_name" : null,
        "dnb_mailing_continent_code" : "6",
        "mailing_address" : "P.O. BOX 331179",
        "subsidiary_indicator" : null,
        "global_ultimate" : "006958318",
        "timestamp" : null,
        "dnb_mailing_country_code" : "805",
        "hierarchy_code" : "01",
        "sic_1_description" : null,
        "sic_6_description" : null,
        "global_ultimate_business_name" : "Kelly Services, Inc.",
        "business_name" : "Kelly Services, Inc.",
        "dnb_mailing_state_province_code" : "043",
        "us_1987_sic_4" : null,
        "us_1987_sic_1" : null,
        "sic_2_description" : null,
        "mailing_postal_code" : "482327179",
        "naics_3_code" : "",
        "national_identification_type_cod" : "",
        "mailing_country_name" : "USA",
        "us_1987_sic_2" : null,
        "naics_4_code" : "",
        "transaction_indicator" : null,
        "dnb_mailing_city_code" : "008357",
        "us_1987_sic_3" : null,
        "filler" : "",
        "naics_2_code_description" : "Data Processing, Hosting, and Related Services",
        "naics_5_code_description" : "",
        "naics_5_code" : "",
        "physical_state_province_name" : null,
        "us_1987_sic_6" : null,
        "chief_executive_officer_title" : null,
        "naics_6_code_description" : "",
        "naics_2_code" : "518210",
        "sic_4_description" : null,
        "chief_executive_officer_name" : "George S Corona",
        "employees" : null,
        "headQuaters" : null,
        "phoneNumber" : null,
        "dunsNumber" : null,
        "sales" : null,
        "established" : null,
        "summary" : "Kelly Services, Inc.",
        "cfo" : null,
        "vicePresident" : null,
        "website" : "https://www.kellyservices.com/",
        "facebook" : null,
        "linkedIn" : null,
        "extended_gu_duns_number" : null,
        "extended_gu_business_name" : null
      } ],
      "totalCounts" : 1
    },
    "23":{
      "data" : [ {
        "sic_3_description" : null,
        "naics_1_code" : "334516",
        "mailing_city_name" : "Waltham",
        "status_code" : null,
        "us_1987_sic_5" : null,
        "naics_1_code_description" : "Analytical Laboratory Instrument Manufacturing",
        "sic_5_description" : null,
        "naics_6_code" : "",
        "physical_street_address" : null,
        "mailing_state_province_abbreviat" : "MA",
        "version" : null,
        "national_identification_number" : "",
        "duns_number" : "001408673",
        "mailing_state_province_name" : "Massachusetts",
        "naics_4_code_description" : "All Other Miscellaneous Electrical Equipment and Component Manufacturing",
        "physical_city_name" : null,
        "filler_dup" : "",
        "dias_code" : "010150543",
        "naics_3_code_description" : "Instruments and Related Products Manufacturing for Measuring, Displaying, and Controlling Industrial Process Variables",
        "physical_country_name" : null,
        "dnb_mailing_continent_code" : "6",
        "mailing_address" : "168 3rd Ave",
        "subsidiary_indicator" : null,
        "global_ultimate" : "001408673",
        "timestamp" : null,
        "dnb_mailing_country_code" : "805",
        "hierarchy_code" : "01",
        "sic_1_description" : null,
        "sic_6_description" : null,
        "global_ultimate_business_name" : "Thermo Fisher Scientific Inc.",
        "business_name" : "Thermo Fisher Scientific Inc.",
        "dnb_mailing_state_province_code" : "041",
        "us_1987_sic_4" : null,
        "us_1987_sic_1" : null,
        "sic_2_description" : null,
        "mailing_postal_code" : "024517551",
        "naics_3_code" : "334513",
        "national_identification_type_cod" : "",
        "mailing_country_name" : "USA",
        "us_1987_sic_2" : null,
        "naics_4_code" : "335999",
        "transaction_indicator" : null,
        "dnb_mailing_city_code" : "008330",
        "us_1987_sic_3" : null,
        "filler" : "",
        "naics_2_code_description" : "Electromedical and Electrotherapeutic Apparatus Manufacturing",
        "naics_5_code_description" : "",
        "naics_5_code" : "",
        "physical_state_province_name" : null,
        "us_1987_sic_6" : null,
        "chief_executive_officer_title" : null,
        "naics_6_code_description" : "",
        "naics_2_code" : "334510",
        "sic_4_description" : null,
        "chief_executive_officer_name" : "Marc N Casper",
        "employees" : null,
        "headQuaters" : null,
        "phoneNumber" : null,
        "dunsNumber" : null,
        "sales" : null,
        "established" : null,
        "summary" : "Thermo Fisher Scientific Inc.",
        "cfo" : null,
        "vicePresident" : null,
        "website" : "https://www.thermofisher.com",
        "facebook" : null,
        "linkedIn" : null,
        "extended_gu_duns_number" : null,
        "extended_gu_business_name" : null
      } ],
      "totalCounts" : 1
    },
    "24":{
      "data" : [ {
        "sic_3_description" : null,
        "naics_1_code" : "561431",
        "mailing_city_name" : "Atlanta",
        "status_code" : null,
        "us_1987_sic_5" : null,
        "naics_1_code_description" : "Private Mail Centers",
        "sic_5_description" : null,
        "naics_6_code" : "",
        "physical_street_address" : null,
        "mailing_state_province_abbreviat" : "GA",
        "version" : null,
        "national_identification_number" : "",
        "duns_number" : "006991681",
        "mailing_state_province_name" : "Georgia",
        "naics_4_code_description" : "",
        "physical_city_name" : null,
        "filler_dup" : "",
        "dias_code" : "010786833",
        "naics_3_code_description" : "Other Nonscheduled Air Transportation",
        "physical_country_name" : null,
        "dnb_mailing_continent_code" : "6",
        "mailing_address" : "55 Glenlake Pkwy",
        "subsidiary_indicator" : null,
        "global_ultimate" : "006991681",
        "timestamp" : null,
        "dnb_mailing_country_code" : "805",
        "hierarchy_code" : "01",
        "sic_1_description" : null,
        "sic_6_description" : null,
        "global_ultimate_business_name" : "United Parcel Service, Inc.",
        "business_name" : "United Parcel Service, Inc.",
        "dnb_mailing_state_province_code" : "019",
        "us_1987_sic_4" : null,
        "us_1987_sic_1" : null,
        "sic_2_description" : null,
        "mailing_postal_code" : "303283498",
        "naics_3_code" : "481219",
        "national_identification_type_cod" : "",
        "mailing_country_name" : "USA",
        "us_1987_sic_2" : null,
        "naics_4_code" : "",
        "transaction_indicator" : null,
        "dnb_mailing_city_code" : "000497",
        "us_1987_sic_3" : null,
        "filler" : "",
        "naics_2_code_description" : "Couriers and Express Delivery Services",
        "naics_5_code_description" : "",
        "naics_5_code" : "",
        "physical_state_province_name" : null,
        "us_1987_sic_6" : null,
        "chief_executive_officer_title" : null,
        "naics_6_code_description" : "",
        "naics_2_code" : "492110",
        "sic_4_description" : null,
        "chief_executive_officer_name" : "David P Abney",
        "employees" : null,
        "headQuaters" : null,
        "phoneNumber" : null,
        "dunsNumber" : null,
        "sales" : null,
        "established" : null,
        "summary" : "United Parcel Service, Inc.",
        "cfo" : null,
        "vicePresident" : null,
        "website" : "https://www.ups.com/",
        "facebook" : null,
        "linkedIn" : null,
        "extended_gu_duns_number" : null,
        "extended_gu_business_name" : null
      } ],
      "totalCounts" : 1
    },
    "25":{
      "data" : [ {
        "sic_3_description" : null,
        "naics_1_code" : "531210",
        "mailing_city_name" : "Los Angeles",
        "status_code" : null,
        "us_1987_sic_5" : null,
        "naics_1_code_description" : "Offices of Real Estate Agents and Brokers",
        "sic_5_description" : null,
        "naics_6_code" : "",
        "physical_street_address" : null,
        "mailing_state_province_abbreviat" : "CA",
        "version" : null,
        "national_identification_number" : "",
        "duns_number" : "617608104",
        "mailing_state_province_name" : "California",
        "naics_4_code_description" : "",
        "physical_city_name" : null,
        "filler_dup" : "",
        "dias_code" : "001621520",
        "naics_3_code_description" : "Administrative Management and General Management Consulting Services",
        "physical_country_name" : null,
        "dnb_mailing_continent_code" : "6",
        "mailing_address" : "400 S Hope St Ste 25",
        "subsidiary_indicator" : null,
        "global_ultimate" : "617608104",
        "timestamp" : null,
        "dnb_mailing_country_code" : "805",
        "hierarchy_code" : "01",
        "sic_1_description" : null,
        "sic_6_description" : null,
        "global_ultimate_business_name" : "Cbre Group, Inc.",
        "business_name" : "Cbre Group, Inc.",
        "dnb_mailing_state_province_code" : "009",
        "us_1987_sic_4" : null,
        "us_1987_sic_1" : null,
        "sic_2_description" : null,
        "mailing_postal_code" : "900712800",
        "naics_3_code" : "541611",
        "national_identification_type_cod" : "",
        "mailing_country_name" : "USA",
        "us_1987_sic_2" : null,
        "naics_4_code" : "",
        "transaction_indicator" : null,
        "dnb_mailing_city_code" : "004661",
        "us_1987_sic_3" : null,
        "filler" : "",
        "naics_2_code_description" : "Real Estate Credit",
        "naics_5_code_description" : "",
        "naics_5_code" : "",
        "physical_state_province_name" : null,
        "us_1987_sic_6" : null,
        "chief_executive_officer_title" : null,
        "naics_6_code_description" : "",
        "naics_2_code" : "522292",
        "sic_4_description" : null,
        "chief_executive_officer_name" : "Robert E Sulentic",
        "employees" : null,
        "headQuaters" : null,
        "phoneNumber" : null,
        "dunsNumber" : null,
        "sales" : null,
        "established" : null,
        "summary" : "Cbre Group, Inc.",
        "cfo" : null,
        "vicePresident" : null,
        "website" : "https://www.cbre.us/",
        "facebook" : null,
        "linkedIn" : null,
        "extended_gu_duns_number" : null,
        "extended_gu_business_name" : null
      } ],
      "totalCounts" : 1
    }


}
